CREATE DATABASE  IF NOT EXISTS `rechnungstool` /*!40100 DEFAULT CHARACTER SET utf8 */;
USE `rechnungstool`;
-- MySQL dump 10.13  Distrib 5.6.24, for Win64 (x86_64)
--
-- Host: 127.0.0.1    Database: rechnungstool
-- ------------------------------------------------------
-- Server version	5.6.24

/*!40101 SET @OLD_CHARACTER_SET_CLIENT=@@CHARACTER_SET_CLIENT */;
/*!40101 SET @OLD_CHARACTER_SET_RESULTS=@@CHARACTER_SET_RESULTS */;
/*!40101 SET @OLD_COLLATION_CONNECTION=@@COLLATION_CONNECTION */;
/*!40101 SET NAMES utf8 */;
/*!40103 SET @OLD_TIME_ZONE=@@TIME_ZONE */;
/*!40103 SET TIME_ZONE='+00:00' */;
/*!40014 SET @OLD_UNIQUE_CHECKS=@@UNIQUE_CHECKS, UNIQUE_CHECKS=0 */;
/*!40014 SET @OLD_FOREIGN_KEY_CHECKS=@@FOREIGN_KEY_CHECKS, FOREIGN_KEY_CHECKS=0 */;
/*!40101 SET @OLD_SQL_MODE=@@SQL_MODE, SQL_MODE='NO_AUTO_VALUE_ON_ZERO' */;
/*!40111 SET @OLD_SQL_NOTES=@@SQL_NOTES, SQL_NOTES=0 */;

--
-- Table structure for table `coldef`
--

DROP TABLE IF EXISTS `coldef`;
/*!40101 SET @saved_cs_client     = @@character_set_client */;
/*!40101 SET character_set_client = utf8 */;
CREATE TABLE `coldef` (
  `colDefId` int(11) NOT NULL AUTO_INCREMENT,
  `colName` varchar(255) NOT NULL,
  PRIMARY KEY (`colDefId`)
) ENGINE=InnoDB AUTO_INCREMENT=100 DEFAULT CHARSET=utf8;
/*!40101 SET character_set_client = @saved_cs_client */;

--
-- Dumping data for table `coldef`
--

LOCK TABLES `coldef` WRITE;
/*!40000 ALTER TABLE `coldef` DISABLE KEYS */;
INSERT INTO `coldef` VALUES (0,' '),(1,'Buchnummer'),(2,'Name'),(3,'Unterbringung'),(4,'Artikelbeschreibung'),(5,'Menge'),(6,'Sonstiges'),(97,'0% MwSt'),(98,'7% MwSt'),(99,'19% MwSt');
/*!40000 ALTER TABLE `coldef` ENABLE KEYS */;
UNLOCK TABLES;

--
-- Table structure for table `collectiveinvoice`
--

DROP TABLE IF EXISTS `collectiveinvoice`;
/*!40101 SET @saved_cs_client     = @@character_set_client */;
/*!40101 SET character_set_client = utf8 */;
CREATE TABLE `collectiveinvoice` (
  `collectInvoiceId` int(11) NOT NULL,
  `deliveryNoteId` int(11) NOT NULL,
  PRIMARY KEY (`collectInvoiceId`,`deliveryNoteId`),
  KEY `deliveryNoteId_idx` (`deliveryNoteId`),
  CONSTRAINT `deliveryNoteId` FOREIGN KEY (`deliveryNoteId`) REFERENCES `document` (`documentId`) ON DELETE NO ACTION ON UPDATE NO ACTION
) ENGINE=InnoDB DEFAULT CHARSET=utf8;
/*!40101 SET character_set_client = @saved_cs_client */;

--
-- Dumping data for table `collectiveinvoice`
--

LOCK TABLES `collectiveinvoice` WRITE;
/*!40000 ALTER TABLE `collectiveinvoice` DISABLE KEYS */;
INSERT INTO `collectiveinvoice` VALUES (0,6),(3,7),(4,8),(2,9),(1,10),(2,11),(4,12),(3,13),(4,14),(4,15);
/*!40000 ALTER TABLE `collectiveinvoice` ENABLE KEYS */;
UNLOCK TABLES;

--
-- Table structure for table `counterconfig`
--

DROP TABLE IF EXISTS `counterconfig`;
/*!40101 SET @saved_cs_client     = @@character_set_client */;
/*!40101 SET character_set_client = utf8 */;
CREATE TABLE `counterconfig` (
  `idCounterConfig` int(11) NOT NULL AUTO_INCREMENT,
  `docTypeId` int(11) NOT NULL,
  `counterTypeId` int(11) NOT NULL,
  PRIMARY KEY (`idCounterConfig`),
  KEY `docType_idx` (`docTypeId`),
  KEY `counterUsed_idx` (`counterTypeId`),
  CONSTRAINT `counterUsed` FOREIGN KEY (`counterTypeId`) REFERENCES `lastusedcounter` (`lastUsedCounterId`) ON DELETE NO ACTION ON UPDATE NO ACTION,
  CONSTRAINT `documentUsed` FOREIGN KEY (`docTypeId`) REFERENCES `doctype` (`docTypeId`) ON DELETE NO ACTION ON UPDATE NO ACTION
) ENGINE=InnoDB AUTO_INCREMENT=5 DEFAULT CHARSET=latin1;
/*!40101 SET character_set_client = @saved_cs_client */;

--
-- Dumping data for table `counterconfig`
--

LOCK TABLES `counterconfig` WRITE;
/*!40000 ALTER TABLE `counterconfig` DISABLE KEYS */;
INSERT INTO `counterconfig` VALUES (1,1,1),(2,2,2),(3,3,3),(4,4,4);
/*!40000 ALTER TABLE `counterconfig` ENABLE KEYS */;
UNLOCK TABLES;

--
-- Table structure for table `countertype`
--

DROP TABLE IF EXISTS `countertype`;
/*!40101 SET @saved_cs_client     = @@character_set_client */;
/*!40101 SET character_set_client = utf8 */;
CREATE TABLE `countertype` (
  `counterTypeId` int(11) NOT NULL AUTO_INCREMENT,
  `counterType` varchar(45) NOT NULL,
  PRIMARY KEY (`counterTypeId`)
) ENGINE=InnoDB DEFAULT CHARSET=utf8;
/*!40101 SET character_set_client = @saved_cs_client */;

--
-- Dumping data for table `countertype`
--

LOCK TABLES `countertype` WRITE;
/*!40000 ALTER TABLE `countertype` DISABLE KEYS */;
/*!40000 ALTER TABLE `countertype` ENABLE KEYS */;
UNLOCK TABLES;

--
-- Table structure for table `defaultcolconfig`
--

DROP TABLE IF EXISTS `defaultcolconfig`;
/*!40101 SET @saved_cs_client     = @@character_set_client */;
/*!40101 SET character_set_client = utf8 */;
CREATE TABLE `defaultcolconfig` (
  `colConfigId` int(11) NOT NULL AUTO_INCREMENT,
  `col1` int(11) DEFAULT '0',
  `col2` int(11) DEFAULT '0',
  `col3` int(11) DEFAULT '0',
  `col4` int(11) DEFAULT '0',
  `col5` int(11) DEFAULT '0',
  `col6` int(11) DEFAULT '0',
  `col7` int(11) DEFAULT '0',
  `col8` int(11) DEFAULT '0',
  `col9` int(11) DEFAULT '0',
  `col10` int(11) NOT NULL DEFAULT '97',
  `col11` int(11) NOT NULL DEFAULT '98',
  `col12` int(11) NOT NULL DEFAULT '99',
  PRIMARY KEY (`colConfigId`),
  KEY `col1_idx` (`col1`),
  KEY `col2_idx` (`col2`),
  KEY `col3_idx` (`col3`),
  KEY `col4_idx` (`col4`),
  KEY `col5_idx` (`col5`),
  KEY `col6_idx` (`col6`),
  KEY `col7_idx` (`col7`),
  KEY `col8_idx` (`col8`),
  KEY `col9_idx` (`col9`),
  KEY `col10_idx` (`col10`),
  KEY `col11_idx` (`col11`),
  KEY `col12_idx` (`col12`),
  CONSTRAINT `col1` FOREIGN KEY (`col1`) REFERENCES `coldef` (`colDefId`) ON DELETE NO ACTION ON UPDATE NO ACTION,
  CONSTRAINT `col10` FOREIGN KEY (`col10`) REFERENCES `coldef` (`colDefId`) ON DELETE NO ACTION ON UPDATE NO ACTION,
  CONSTRAINT `col11` FOREIGN KEY (`col11`) REFERENCES `coldef` (`colDefId`) ON DELETE NO ACTION ON UPDATE NO ACTION,
  CONSTRAINT `col12` FOREIGN KEY (`col12`) REFERENCES `coldef` (`colDefId`) ON DELETE NO ACTION ON UPDATE NO ACTION,
  CONSTRAINT `col2` FOREIGN KEY (`col2`) REFERENCES `coldef` (`colDefId`) ON DELETE NO ACTION ON UPDATE NO ACTION,
  CONSTRAINT `col3` FOREIGN KEY (`col3`) REFERENCES `coldef` (`colDefId`) ON DELETE NO ACTION ON UPDATE NO ACTION,
  CONSTRAINT `col4` FOREIGN KEY (`col4`) REFERENCES `coldef` (`colDefId`) ON DELETE NO ACTION ON UPDATE NO ACTION,
  CONSTRAINT `col5` FOREIGN KEY (`col5`) REFERENCES `coldef` (`colDefId`) ON DELETE NO ACTION ON UPDATE NO ACTION,
  CONSTRAINT `col6` FOREIGN KEY (`col6`) REFERENCES `coldef` (`colDefId`) ON DELETE NO ACTION ON UPDATE NO ACTION,
  CONSTRAINT `col7` FOREIGN KEY (`col7`) REFERENCES `coldef` (`colDefId`) ON DELETE NO ACTION ON UPDATE NO ACTION,
  CONSTRAINT `col8` FOREIGN KEY (`col8`) REFERENCES `coldef` (`colDefId`) ON DELETE NO ACTION ON UPDATE NO ACTION,
  CONSTRAINT `col9` FOREIGN KEY (`col9`) REFERENCES `coldef` (`colDefId`) ON DELETE NO ACTION ON UPDATE NO ACTION
) ENGINE=InnoDB AUTO_INCREMENT=67 DEFAULT CHARSET=utf8;
/*!40101 SET character_set_client = @saved_cs_client */;

--
-- Dumping data for table `defaultcolconfig`
--

LOCK TABLES `defaultcolconfig` WRITE;
/*!40000 ALTER TABLE `defaultcolconfig` DISABLE KEYS */;
INSERT INTO `defaultcolconfig` VALUES (1,1,2,3,4,0,0,0,0,0,97,98,99),(2,2,4,0,0,0,0,0,0,0,97,98,99),(3,2,4,0,0,0,0,0,0,0,97,98,99),(4,4,6,5,1,0,0,0,0,0,97,98,99),(8,5,4,2,1,3,0,0,0,0,97,98,99),(9,1,2,3,0,0,0,0,0,0,97,98,99),(10,3,1,2,0,0,0,0,0,0,97,98,99),(11,3,1,2,0,0,0,0,0,0,97,98,99),(12,3,0,0,0,0,0,0,0,0,97,98,99),(13,3,0,0,0,0,0,0,0,0,97,98,99),(14,3,0,0,0,0,0,0,0,0,97,98,99),(15,3,0,0,0,0,0,0,0,0,97,98,99),(16,3,0,0,0,0,0,0,0,0,97,98,99),(17,3,2,0,0,0,0,0,0,0,97,98,99),(18,3,0,0,0,0,0,0,0,0,97,98,99),(19,3,0,0,0,0,0,0,0,0,97,98,99),(20,0,0,0,0,0,0,0,0,0,97,98,99),(21,1,6,0,0,0,0,0,0,0,97,98,99),(22,0,0,0,0,0,0,0,0,0,97,98,99),(23,0,0,0,0,0,0,0,0,0,97,98,99),(24,0,0,0,0,0,0,0,0,0,97,98,99),(25,0,0,0,0,0,0,0,0,0,97,98,99),(26,0,0,0,0,0,0,0,0,0,97,98,99),(27,0,0,0,0,0,0,0,0,0,97,98,99),(28,0,0,0,0,0,0,0,0,0,97,98,99),(29,0,0,0,0,0,0,0,0,0,97,98,99),(30,0,0,0,0,0,0,0,0,0,97,98,99),(31,0,0,0,0,0,0,0,0,0,97,98,99),(32,0,0,0,0,0,0,0,0,0,97,98,99),(33,2,4,0,0,0,0,0,0,0,97,98,99),(34,0,0,0,0,0,0,0,0,0,97,98,99),(35,0,0,0,0,0,0,0,0,0,97,98,99),(36,3,0,0,0,0,0,0,0,0,97,98,99),(37,2,0,0,0,0,0,0,3,0,97,98,99),(38,1,0,0,0,0,0,0,0,0,97,98,99),(39,4,0,0,0,0,0,0,0,0,97,98,99),(40,3,0,0,0,0,0,0,0,0,97,98,99),(41,2,0,0,0,0,0,0,0,0,97,98,99),(42,1,0,0,0,0,0,0,0,0,97,98,99),(43,4,0,0,0,0,0,0,0,0,97,98,99),(44,3,0,0,0,0,0,0,0,0,97,98,99),(45,2,0,0,0,0,0,0,0,0,97,98,99),(46,2,0,0,0,0,0,0,0,0,97,98,99),(47,2,0,0,0,0,0,0,0,0,97,98,99),(48,1,0,0,0,0,0,0,0,0,97,98,99),(49,1,0,0,0,0,0,0,0,0,97,98,99),(50,1,0,0,0,0,0,0,0,0,97,98,99),(51,1,0,0,0,0,0,0,0,0,97,98,99),(52,5,3,1,2,0,0,0,0,0,97,98,99),(58,0,0,0,0,0,0,0,0,0,97,98,99),(59,1,2,6,0,0,0,0,0,0,97,98,99),(60,5,0,0,0,0,0,0,0,0,97,98,99),(61,5,0,0,0,0,0,0,0,0,97,98,99),(62,4,NULL,0,0,0,0,0,0,0,0,0,0),(63,1,2,3,4,0,0,0,0,0,97,98,99),(64,5,0,0,0,0,0,0,0,0,97,98,99),(65,5,0,0,0,0,0,0,0,0,97,98,99),(66,4,0,0,0,0,0,0,0,0,97,98,99);
/*!40000 ALTER TABLE `defaultcolconfig` ENABLE KEYS */;
UNLOCK TABLES;

--
-- Table structure for table `doctype`
--

DROP TABLE IF EXISTS `doctype`;
/*!40101 SET @saved_cs_client     = @@character_set_client */;
/*!40101 SET character_set_client = utf8 */;
CREATE TABLE `doctype` (
  `docTypeId` int(11) NOT NULL AUTO_INCREMENT,
  `docTypeName` varchar(45) DEFAULT NULL,
  PRIMARY KEY (`docTypeId`)
) ENGINE=InnoDB AUTO_INCREMENT=5 DEFAULT CHARSET=latin1;
/*!40101 SET character_set_client = @saved_cs_client */;

--
-- Dumping data for table `doctype`
--

LOCK TABLES `doctype` WRITE;
/*!40000 ALTER TABLE `doctype` DISABLE KEYS */;
INSERT INTO `doctype` VALUES (1,'Gutschrift'),(2,'Rechnung'),(3,'Sammelrechnung'),(4,'Lieferschein');
/*!40000 ALTER TABLE `doctype` ENABLE KEYS */;
UNLOCK TABLES;

--
-- Table structure for table `document`
--

DROP TABLE IF EXISTS `document`;
/*!40101 SET @saved_cs_client     = @@character_set_client */;
/*!40101 SET character_set_client = utf8 */;
CREATE TABLE `document` (
  `documentId` int(11) NOT NULL AUTO_INCREMENT,
  `counter` varchar(45) NOT NULL,
  `yearCounter` int(11) NOT NULL,
  `jvaId` int(11) NOT NULL,
  `docTypeId` int(11) NOT NULL,
  `pdf_location` varchar(255) DEFAULT NULL,
  `contact_person` varchar(255) DEFAULT NULL,
  `printed` varchar(1) DEFAULT NULL,
  `timeStamp` datetime(6) DEFAULT NULL,
  `defaultDoc` varchar(45) DEFAULT NULL,
  PRIMARY KEY (`documentId`),
  KEY `jvaId_idx` (`jvaId`),
  KEY `yearCounter_idx` (`yearCounter`),
  KEY `docType_idx` (`docTypeId`),
  KEY `documentType_idx` (`docTypeId`),
  CONSTRAINT `documentType` FOREIGN KEY (`docTypeId`) REFERENCES `doctype` (`docTypeId`) ON DELETE NO ACTION ON UPDATE NO ACTION,
  CONSTRAINT `jvaId` FOREIGN KEY (`jvaId`) REFERENCES `jvadata` (`jvaDataId`) ON DELETE NO ACTION ON UPDATE NO ACTION,
  CONSTRAINT `yearCounter` FOREIGN KEY (`yearCounter`) REFERENCES `yearcounter` (`yearCounterId`) ON DELETE NO ACTION ON UPDATE NO ACTION
) ENGINE=InnoDB AUTO_INCREMENT=144 DEFAULT CHARSET=utf8;
/*!40101 SET character_set_client = @saved_cs_client */;

--
-- Dumping data for table `document`
--

LOCK TABLES `document` WRITE;
/*!40000 ALTER TABLE `document` DISABLE KEYS */;
INSERT INTO `document` VALUES (6,'IK 2',1,0,2,'Auf der Platte','Frau Duenn',NULL,'2015-12-08 23:03:00.000000',NULL),(7,'Logistik Loehne 0',1,0,2,'Auf der Platte','Frau Duenn',NULL,'2015-12-08 23:05:59.000000',NULL),(8,'Logistik Loehne 1',1,0,2,'Auf der Platte','Frau Duenn',NULL,'2015-12-08 23:07:34.000000',NULL),(9,'Logistik Loehne 2',1,0,2,'Auf der Platte','Frau Duenn',NULL,'2015-12-08 23:07:36.000000',NULL),(10,'Logistik Loehne 3',1,0,2,'Auf der Platte','Frau Duenn',NULL,'2015-12-08 23:07:37.000000',NULL),(11,'Logistik Loehne 4',1,0,2,'Auf der Platte','Frau Duenn',NULL,'2015-12-08 23:11:37.000000',NULL),(12,'Wittekindshof 0',1,0,2,'Auf der Platte','Frau Duenn',NULL,'2015-12-08 23:14:08.000000',NULL),(13,'Logistik Memmelsdorf 33',1,0,2,'Auf der Platte','Frau Duenn',NULL,'2015-12-08 23:16:37.000000',NULL),(14,'Logistik Memmelsdorf 34',1,0,2,'Auf der Platte','Frau Duenn',NULL,'2015-12-08 23:17:43.000000',NULL),(15,'Logistik Memmelsdorf 35',1,0,2,'Auf der Platte','Frau Duenn',NULL,'2015-12-08 23:18:08.000000',NULL),(16,'Logistik Memmelsdorf 36',1,0,2,'Auf der Platte','Frau Duenn',NULL,'2015-12-08 23:19:53.000000',NULL),(17,'Logistik Memmelsdorf 37',1,30,2,'Auf der Platte','Frau Duenn',NULL,'2015-12-08 23:35:33.000000','yes'),(18,'IK 3',1,0,2,'Auf der Platte','Frau Duenn',NULL,'2009-12-20 15:00:00.000000',NULL),(19,'IK 4',1,0,2,'Auf der Platte','Frau Duenn',NULL,'2015-12-09 00:00:00.000000',NULL),(20,'IK 5',1,0,2,'Auf der Platte','Frau Duenn',NULL,'2015-12-11 00:00:00.000000',NULL),(21,'Logistik Loehne 5',1,0,2,'Auf der Platte','Frau Duenn',NULL,'2015-12-28 00:00:00.000000',NULL),(22,'Logistik Loehne 6',1,0,2,'Auf der Platte','Frau Duenn',NULL,'2015-12-28 00:00:00.000000','yes'),(23,'Logistik Loehne 7',1,0,2,'Auf der Platte','Frau Duenn',NULL,'2015-12-28 00:00:00.000000','yes'),(24,'IK 6',1,53,2,'Auf der Platte','Frau Duenn',NULL,'2016-01-11 00:00:00.000000','yes'),(25,'IK 7',1,53,2,'Auf der Platte','Frau Duenn',NULL,'2016-01-11 00:00:00.000000',NULL),(26,'IK 8',1,53,2,'Auf der Platte','Frau Duenn',NULL,'2016-01-11 00:00:00.000000','yes'),(27,'IK 9',1,53,2,'Auf der Platte','Frau Duenn',NULL,'2016-01-11 00:00:00.000000','yes'),(28,'IK 10',1,53,2,'Auf der Platte','Frau Duenn',NULL,'2016-01-11 00:00:00.000000','yes'),(29,'IK 11',1,53,2,'Auf der Platte','Frau Duenn',NULL,'2016-01-11 00:00:00.000000','yes'),(30,'IK 12',1,53,2,'Auf der Platte','Frau Duenn',NULL,'0000-00-00 00:00:00.000000','yes'),(31,'IK 13',1,53,2,'Auf der Platte','Frau Duenn',NULL,'0000-00-00 00:00:00.000000',NULL),(32,'IK 14',1,53,2,'Auf der Platte','Frau Duenn',NULL,'0000-00-00 00:00:00.000000',NULL),(33,'IK 15',1,53,2,'Auf der Platte','Frau Duenn',NULL,'0000-00-00 00:00:00.000000',NULL),(34,'IK 16',1,53,2,'Auf der Platte','Frau Duenn',NULL,'0000-00-00 00:00:00.000000',NULL),(35,'IK 17',1,53,2,'Auf der Platte','Frau Duenn',NULL,'0000-00-00 00:00:00.000000',NULL),(36,'IK 18',1,53,2,'Auf der Platte','Frau Duenn',NULL,'0000-00-00 00:00:00.000000',NULL),(37,'IK 19',1,53,2,'Auf der Platte','Frau Duenn',NULL,'0000-00-00 00:00:00.000000',NULL),(38,'IK 20',1,53,2,'Auf der Platte','Frau Duenn',NULL,'0000-00-00 00:00:00.000000',NULL),(39,'IK 21',1,53,2,'Auf der Platte','Frau Duenn',NULL,'0000-00-00 00:00:00.000000',NULL),(40,'IK 22',1,53,2,'Auf der Platte','Frau Duenn',NULL,'0000-00-00 00:00:00.000000',NULL),(41,'IK 23',1,53,2,'Auf der Platte','Frau Duenn',NULL,'0000-00-00 00:00:00.000000',NULL),(42,'IK 24',1,53,2,'Auf der Platte','Frau Duenn',NULL,'0000-00-00 00:00:00.000000',NULL),(43,'IK 25',1,53,2,'Auf der Platte','Frau Duenn',NULL,'0000-00-00 00:00:00.000000',NULL),(44,'IK 26',1,53,2,'Auf der Platte','Frau Duenn',NULL,'0000-00-00 00:00:00.000000',NULL),(45,'IK 27',1,53,2,'Auf der Platte','Frau Duenn',NULL,'0000-00-00 00:00:00.000000',NULL),(46,'IK 28',1,53,2,'Auf der Platte','Frau Duenn',NULL,'0000-00-00 00:00:00.000000',NULL),(47,'IK 29',1,53,2,'Auf der Platte','Frau Duenn',NULL,'0000-00-00 00:00:00.000000',NULL),(48,'IK 30',1,53,2,'Auf der Platte','Frau Duenn',NULL,'0000-00-00 00:00:00.000000',NULL),(49,'IK 31',1,53,2,'Auf der Platte','Frau Duenn',NULL,'0000-00-00 00:00:00.000000',NULL),(50,'IK 32',1,53,2,'Auf der Platte','Frau Duenn',NULL,'0000-00-00 00:00:00.000000',NULL),(51,'IK 33',1,53,2,'Auf der Platte','Frau Duenn',NULL,'0000-00-00 00:00:00.000000',NULL),(52,'IK 34',1,53,2,'Auf der Platte','Frau Duenn',NULL,'0000-00-00 00:00:00.000000',NULL),(53,'IK 35',1,53,2,'Auf der Platte','Frau Duenn',NULL,'0000-00-00 00:00:00.000000',NULL),(54,'IK 36',1,53,2,'Auf der Platte','Frau Duenn',NULL,'0000-00-00 00:00:00.000000',NULL),(55,'IK 37',1,53,2,'Auf der Platte','Frau Duenn',NULL,'0000-00-00 00:00:00.000000',NULL),(56,'IK 38',1,53,2,'Auf der Platte','Frau Duenn',NULL,'0000-00-00 00:00:00.000000',NULL),(57,'IK 39',1,53,2,'Auf der Platte','Frau Duenn',NULL,'0000-00-00 00:00:00.000000',NULL),(58,'IK 40',1,53,2,'Auf der Platte','Frau Duenn',NULL,'0000-00-00 00:00:00.000000',NULL),(59,'IK 41',1,53,2,'Auf der Platte','Frau Duenn',NULL,'0000-00-00 00:00:00.000000',NULL),(60,'IK 42',1,53,2,'Auf der Platte','Frau Duenn',NULL,'0000-00-00 00:00:00.000000',NULL),(61,'IK 43',1,53,2,'Auf der Platte','Frau Duenn',NULL,'0000-00-00 00:00:00.000000',NULL),(62,'IK 44',1,53,2,'Auf der Platte','Frau Duenn',NULL,'0000-00-00 00:00:00.000000',NULL),(63,'IK 45',1,53,2,'Auf der Platte','Frau Duenn',NULL,'0000-00-00 00:00:00.000000',NULL),(64,'IK 46',1,53,2,'Auf der Platte','Frau Duenn',NULL,'0000-00-00 00:00:00.000000',NULL),(65,'IK 47',1,53,2,'Auf der Platte','Frau Duenn',NULL,'0000-00-00 00:00:00.000000',NULL),(66,'IK 48',1,53,2,'Auf der Platte','Frau Duenn',NULL,'0000-00-00 00:00:00.000000',NULL),(67,'IK 49',1,53,2,'Auf der Platte','Frau Duenn',NULL,'0000-00-00 00:00:00.000000',NULL),(68,'IK 50',1,53,2,'Auf der Platte','Frau Duenn',NULL,'0000-00-00 00:00:00.000000',NULL),(69,'IK 51',1,53,2,'Auf der Platte','Frau Duenn',NULL,'0000-00-00 00:00:00.000000',NULL),(70,'IK 52',1,53,2,'Auf der Platte','Frau Duenn',NULL,'0000-00-00 00:00:00.000000',NULL),(71,'IK 53',1,53,2,'C:\\inetpub\\wwwroot\\massaki\\rechnungstool/pdf/temp/Rechnung/JVAElPalmar_Rechnung_20160112_220724.pdf','Frau Duenn',NULL,'0000-00-00 00:00:00.000000',NULL),(72,'IK 54',1,53,2,'C:\\inetpub\\wwwroot\\massaki\\rechnungstool/pdf/temp/Rechnung/JVAElPalmar_Rechnung_20160112_220731.pdf','Frau Duenn',NULL,'0000-00-00 00:00:00.000000',NULL),(73,'IK 55',1,53,2,'C:\\inetpub\\wwwroot\\massaki\\rechnungstool/pdf/temp/Rechnung/JVAElPalmar_Rechnung_20160112_220741.pdf','Frau Duenn',NULL,'0000-00-00 00:00:00.000000',NULL),(74,'IK 56',1,53,2,'C:\\inetpub\\wwwroot\\massaki\\rechnungstool/pdf/temp/Rechnung/JVAElPalmar_Rechnung_20160112_220851.pdf','Frau Duenn',NULL,'0000-00-00 00:00:00.000000',NULL),(75,'IK 57',1,53,2,'C:\\inetpub\\wwwroot\\massaki\\rechnungstool/pdf/temp/Rechnung/JVAElPalmar_Rechnung_20160112_221251.pdf','Frau Duenn',NULL,'0000-00-00 00:00:00.000000',NULL),(76,'IK 58',1,53,2,'C:\\inetpub\\wwwroot\\massaki\\rechnungstool/pdf/temp/Rechnung/JVAElPalmar_Rechnung_20160112_221340.pdf','Frau Duenn',NULL,'2016-01-12 00:00:00.000000',NULL),(77,'IK 59',1,53,2,'C:\\inetpub\\wwwroot\\massaki\\rechnungstool/pdf/temp/Rechnung/JVAElPalmar_Rechnung_20160112_221501.pdf','Frau Duenn',NULL,'2016-01-12 22:01:02.000000',NULL),(78,'IK 60',1,53,2,'C:\\inetpub\\wwwroot\\massaki\\rechnungstool/pdf/temp/Rechnung/JVAElPalmar_Rechnung_20160112_222341.pdf','Frau Duenn',NULL,'2016-01-12 22:01:43.000000',NULL),(79,'IK 61',1,53,2,'C:\\inetpub\\wwwroot\\massaki\\rechnungstool/pdf/temp/Rechnung/JVAElPalmar_Rechnung_20160112_222511.pdf','Frau Duenn',NULL,'2016-01-12 22:01:12.000000',NULL),(80,'IK 62',1,53,2,'C:\\inetpub\\wwwroot\\massaki\\rechnungstool/pdf/temp/Rechnung/JVAElPalmar_Rechnung_20160112_222802.pdf','Frau Duenn',NULL,'2016-01-12 22:01:03.000000',NULL),(81,'IK 63',1,53,2,'C:\\inetpub\\wwwroot\\massaki\\rechnungstool/pdf/temp/Rechnung/JVAElPalmar_Rechnung_20160112_223310.pdf','Frau Duenn',NULL,'2016-01-12 22:01:11.000000',NULL),(82,'IK 64',1,53,2,'C:\\inetpub\\wwwroot\\massaki\\rechnungstool/pdf/temp/Rechnung/JVAElPalmar_Rechnung_20160112_224126.pdf','Frau Duenn',NULL,'2016-01-12 22:01:27.000000',NULL),(83,'IK 65',1,53,2,'C:\\inetpub\\wwwroot\\massaki\\rechnungstool/pdf/temp/Rechnung/JVAElPalmar_Rechnung_20160112_224233.pdf','Frau Duenn',NULL,'2016-01-12 22:01:33.000000',NULL),(84,'IK 66',1,53,2,'C:\\inetpub\\wwwroot\\massaki\\rechnungstool/pdf/temp/Rechnung/JVAElPalmar_Rechnung_20160112_224426.pdf','Frau Duenn',NULL,'2016-01-12 22:01:27.000000',NULL),(85,'IK 67',1,53,2,'C:\\inetpub\\wwwroot\\massaki\\rechnungstool/pdf/temp/Rechnung/JVAElPalmar_Rechnung_20160112_224557.pdf','Frau Duenn',NULL,'2016-01-12 22:01:58.000000',NULL),(86,'IK 68',1,53,2,'C:\\inetpub\\wwwroot\\massaki\\rechnungstool/pdf/temp/Rechnung/JVAElPalmar_Rechnung_20160113_114949.pdf','Frau Duenn',NULL,'2016-01-13 11:01:51.000000',NULL),(87,'IK 69',1,53,2,'C:\\inetpub\\wwwroot\\massaki\\rechnungstool/pdf/temp/Rechnung/JVAElPalmar_Rechnung_20160113_115510.pdf','Frau Duenn',NULL,'2016-01-13 11:01:11.000000',NULL),(91,'IK 73',1,53,2,'C:\\inetpub\\wwwroot\\massaki\\rechnungstool/pdf/temp/Rechnung/JVAElPalmar_Rechnung_20160113_122008.pdf','Frau Duenn',NULL,'2016-01-13 12:01:10.000000',NULL),(92,'IK 74',1,53,2,'C:\\inetpub\\wwwroot\\massaki\\rechnungstool/pdf/temp/Rechnung/JVAElPalmar_Rechnung_20160113_122141.pdf','Frau Duenn',NULL,'2016-01-13 12:01:42.000000',NULL),(93,'IK 75',1,53,2,'C:\\inetpub\\wwwroot\\massaki\\rechnungstool/pdf/temp/Rechnung/JVAElPalmar_Rechnung_20160113_122637.pdf','Frau Duenn',NULL,'2016-01-13 12:01:38.000000',NULL),(94,'IK 76',1,53,2,'C:\\inetpub\\wwwroot\\massaki\\rechnungstool/pdf/temp/Rechnung/JVAElPalmar_Rechnung_20160113_123127.pdf','Frau Duenn',NULL,'2016-01-13 12:01:27.000000',NULL),(95,'IK 77',1,53,2,'C:\\inetpub\\wwwroot\\massaki\\rechnungstool/pdf/temp/Rechnung/JVAElPalmar_Rechnung_20160113_123610.pdf','Frau Duenn',NULL,'2016-01-13 12:01:10.000000',NULL),(96,'IK 78',1,53,2,'C:\\inetpub\\wwwroot\\massaki\\rechnungstool/pdf/temp/Rechnung/JVAElPalmar_Rechnung_20160113_124141.pdf','Frau Duenn',NULL,'2016-01-13 12:01:42.000000',NULL),(97,'IK 79',1,53,2,'C:\\inetpub\\wwwroot\\massaki\\rechnungstool/pdf/temp/Rechnung/JVAElPalmar_Rechnung_20160113_124437.pdf','Frau Duenn',NULL,'2016-01-13 12:01:38.000000',NULL),(98,'IK 80',1,53,2,'pdf/Rechnung/JVAElPalmar_Rechnung_20160113_130625.pdf','Frau Duenn',NULL,'2016-01-13 13:01:27.000000',NULL),(100,'IK 82',1,53,2,'pdf/Rechnung/JVAElPalmar_Rechnung_20160113_130814.pdf','Frau Duenn',NULL,'2016-01-13 13:01:15.000000',NULL),(102,'IK 84',1,53,2,'pdf/Rechnung/JVAElPalmar_Rechnung_20160113_131304.pdf','Frau Duenn',NULL,'2016-01-13 13:01:05.000000',NULL),(103,'IK 85',1,53,2,'pdf/Rechnung/JVAElPalmar_Rechnung_20160113_131530.pdf','Frau Duenn',NULL,'0000-00-00 00:00:00.000000',NULL),(109,'IK 88',1,53,2,'pdf/temp/Rechnung/JVAElPalmar_Rechnung_20160113_132847.pdf','Frau Duenn',NULL,'2016-01-13 13:01:47.000000',NULL),(110,'IK 89',1,53,2,'pdf/temp/Rechnung/JVAElPalmar_Rechnung_20160113_133245.pdf','Frau Duenn',NULL,'2016-01-13 13:01:46.000000',NULL),(111,'IK 90',1,53,2,'pdf/temp/Rechnung/JVAElPalmar_Rechnung_20160113_133308.pdf','Frau Duenn',NULL,'2016-01-13 13:01:08.000000',NULL),(112,'IK 91',1,53,2,'pdf/temp/Rechnung/JVAElPalmar_Rechnung_20160113_133523.pdf','Frau Duenn',NULL,'2016-01-13 13:01:23.000000',NULL),(116,'IK 95',1,53,2,'pdf/temp/Rechnung/JVAElPalmar_Rechnung_20160113_134312.pdf','Frau Duenn',NULL,'2016-01-13 13:01:13.000000',NULL),(117,'IK 96',1,53,2,'pdf/temp/Rechnung/JVAElPalmar_Rechnung_20160113_134442.pdf','Frau Duenn',NULL,'2016-01-13 13:01:42.000000',NULL),(118,'IK 97',1,53,2,'pdf/temp/Rechnung/JVAElPalmar_Rechnung_20160113_134502.pdf','Frau Duenn',NULL,'2016-01-13 13:01:02.000000',NULL),(120,'IK 99',1,53,2,'pdf/temp/Rechnung/JVAElPalmar_Rechnung_20160113_140426.pdf','Frau Duenn',NULL,'2016-01-13 14:01:26.000000',NULL),(121,'IK 100',1,53,2,'pdf/temp/Rechnung/JVAElPalmar_Rechnung_20160113_140459.pdf','Frau Duenn',NULL,'2016-01-13 14:01:59.000000',NULL),(122,'IK 101',1,53,2,'pdf/temp/Rechnung/JVAElPalmar_Rechnung_20160113_140703.pdf','Frau Duenn',NULL,'2016-01-13 14:01:03.000000',NULL),(123,'IK 102',1,53,2,'pdf/temp/Rechnung/JVAElPalmar_Rechnung_20160113_140814.pdf','Frau Duenn',NULL,'2016-01-13 14:01:14.000000',NULL),(124,'IK 103',1,53,2,'pdf/temp/Rechnung/JVAElPalmar_Rechnung_20160113_141020.pdf','Frau Duenn',NULL,'2016-01-13 14:01:20.000000',NULL),(125,'IK 104',1,53,2,'pdf/temp/Rechnung/JVAElPalmar_Rechnung_20160113_141046.pdf','Frau Duenn',NULL,'2016-01-13 14:01:46.000000',NULL),(126,'IK 105',1,53,2,'pdf/temp/Rechnung/JVAElPalmar_Rechnung_20160113_141305.pdf','Frau Duenn',NULL,'2016-01-13 14:01:05.000000',NULL),(131,'IK 106',1,53,2,'pdf/Rechnung/JVAElPalmar_Rechnung_20160113_142909.pdf','Frau Duenn',NULL,'2016-01-13 14:01:09.000000',NULL),(132,'IK 107',1,53,1,'pdf/temp/Gutschrift/JVAElPalmar_Gutschrift_20160113_143830.pdf','Frau Duenn',NULL,'2016-01-13 14:01:30.000000','yes'),(133,'IK 108',1,53,1,'pdf/Gutschrift/JVAElPalmar_Gutschrift_20160113_143907.pdf','Frau Duenn',NULL,'2016-01-13 14:01:07.000000',NULL),(135,'IK 109',1,0,2,'pdf/temp/Rechnung/JVAEbing_Rechnung_20160113_154402.pdf','Herr Aumueller',NULL,'2016-01-13 15:01:02.000000','yes'),(136,'IK 110',1,0,2,'pdf/temp/Rechnung/JVAEbing_Rechnung_20160113_154500.pdf','Herr Aumueller',NULL,'2016-01-13 15:01:00.000000','yes'),(138,'IK 111',1,53,2,'pdf/temp/Rechnung/JVAElPalmar_Rechnung_20160113_171252.pdf','Herr Aumueller',NULL,'2016-01-13 17:01:52.000000','yes'),(139,'IK 112',1,53,2,'pdf/temp/Rechnung/JVAElPalmar_Rechnung_20160113_171446.pdf','Herr Aumueller',NULL,'2016-01-13 17:01:47.000000','yes'),(140,'IK 113',1,53,2,'pdf/Rechnung/JVAElPalmar_Rechnung_20160113_171541.pdf','Herr Aumueller',NULL,'2016-01-13 17:01:42.000000','yes'),(142,'IK 114',1,53,2,'pdf/temp/Rechnung/JVAElPalmar_Rechnung_20160113_172120.pdf','Herr Aumueller',NULL,'2016-01-13 17:01:20.000000','yes'),(143,'IK 115',1,53,2,'pdf/temp/Rechnung/JVAElPalmar_Rechnung_20160113_172515.pdf','Herr Aumueller',NULL,'2016-01-13 17:01:16.000000','yes');
/*!40000 ALTER TABLE `document` ENABLE KEYS */;
UNLOCK TABLES;

--
-- Table structure for table `documentvalues`
--

DROP TABLE IF EXISTS `documentvalues`;
/*!40101 SET @saved_cs_client     = @@character_set_client */;
/*!40101 SET character_set_client = utf8 */;
CREATE TABLE `documentvalues` (
  `valueId` int(11) NOT NULL AUTO_INCREMENT,
  `documentId` int(11) NOT NULL,
  `value1` varchar(255) DEFAULT NULL,
  `value2` varchar(255) DEFAULT NULL,
  `value3` varchar(255) DEFAULT NULL,
  `value4` varchar(255) DEFAULT NULL,
  `value5` varchar(255) DEFAULT NULL,
  `value6` varchar(255) DEFAULT NULL,
  `value7` varchar(255) DEFAULT NULL,
  `value8` varchar(255) DEFAULT NULL,
  `value9` varchar(255) DEFAULT NULL,
  `value10` varchar(255) DEFAULT NULL,
  `value11` varchar(255) DEFAULT NULL,
  `value12` varchar(255) DEFAULT NULL,
  `header6` varchar(45) DEFAULT NULL,
  `header1` varchar(45) DEFAULT NULL,
  `header2` varchar(45) DEFAULT NULL,
  `header3` varchar(45) DEFAULT NULL,
  `header4` varchar(45) DEFAULT NULL,
  `header5` varchar(45) DEFAULT NULL,
  `header7` varchar(45) DEFAULT NULL,
  `header8` varchar(45) DEFAULT NULL,
  `header9` varchar(45) DEFAULT NULL,
  `header10` varchar(45) DEFAULT NULL,
  `header11` varchar(45) DEFAULT NULL,
  `header12` varchar(45) DEFAULT NULL,
  PRIMARY KEY (`valueId`),
  KEY `documentId_idx` (`documentId`),
  CONSTRAINT `documentId` FOREIGN KEY (`documentId`) REFERENCES `document` (`documentId`) ON DELETE CASCADE ON UPDATE CASCADE
) ENGINE=InnoDB AUTO_INCREMENT=886 DEFAULT CHARSET=utf8;
/*!40101 SET character_set_client = @saved_cs_client */;

--
-- Dumping data for table `documentvalues`
--

LOCK TABLES `documentvalues` WRITE;
/*!40000 ALTER TABLE `documentvalues` DISABLE KEYS */;
INSERT INTO `documentvalues` VALUES (306,16,'12','12','1','','',NULL,NULL,NULL,NULL,NULL,NULL,NULL,NULL,'Name','Artikelbeschreibung','0% MwSt','7% MwSt','19% MwSt',NULL,NULL,NULL,NULL,NULL,NULL),(307,16,'tert','t','66','','',NULL,NULL,NULL,NULL,NULL,NULL,NULL,NULL,'Name','Artikelbeschreibung','0% MwSt','7% MwSt','19% MwSt',NULL,NULL,NULL,NULL,NULL,NULL),(308,17,'Test','1','','','34',NULL,NULL,NULL,NULL,NULL,NULL,NULL,NULL,'Name','Artikelbeschreibung','0% MwSt','7% MwSt','19% MwSt',NULL,NULL,NULL,NULL,NULL,NULL),(309,18,'Stefan','hans','Da home','1','','','15',NULL,NULL,NULL,NULL,NULL,'7% MwSt','Buchnummer','Name','Unterbringung','Artikelbeschreibung','0% MwSt','19% MwSt',NULL,NULL,NULL,NULL,NULL),(310,19,'Stefans Bibel','koran','daheim','TestTestTest','','','1',NULL,NULL,NULL,NULL,NULL,'7% MwSt','Buchnummer','Name','Unterbringung','Artikelbeschreibung','0% MwSt','19% MwSt',NULL,NULL,NULL,NULL,NULL),(311,20,'Benni','Stefan','Testhausen','Sonst so','','','1',NULL,NULL,NULL,NULL,NULL,'7% MwSt','Buchnummer','Name','Unterbringung','Artikelbeschreibung','0% MwSt','19% MwSt',NULL,NULL,NULL,NULL,NULL),(312,21,'1','2','3','4','5',NULL,NULL,NULL,NULL,NULL,NULL,NULL,NULL,'Name','Artikelbeschreibung','0% MwSt','7% MwSt','19% MwSt',NULL,NULL,NULL,NULL,NULL,NULL),(313,22,'','','','','',NULL,NULL,NULL,NULL,NULL,NULL,NULL,NULL,'Name','Artikelbeschreibung','0% MwSt','7% MwSt','19% MwSt',NULL,NULL,NULL,NULL,NULL,NULL),(314,22,'Gesamt:','','=SUM(c1:c1)','=SUM(d1:d1)','=SUM(e1:e1)',NULL,NULL,NULL,NULL,NULL,NULL,NULL,NULL,'Name','Artikelbeschreibung','0% MwSt','7% MwSt','19% MwSt',NULL,NULL,NULL,NULL,NULL,NULL),(315,23,'Meyer','soundblaster x','0','5','0',NULL,NULL,NULL,NULL,NULL,NULL,NULL,NULL,'Name','Artikelbeschreibung','0% MwSt','7% MwSt','19% MwSt',NULL,NULL,NULL,NULL,NULL,NULL),(316,23,'Müller','soundblaster xi','0','0','5',NULL,NULL,NULL,NULL,NULL,NULL,NULL,NULL,'Name','Artikelbeschreibung','0% MwSt','7% MwSt','19% MwSt',NULL,NULL,NULL,NULL,NULL,NULL),(317,23,'Gesamt:','','=SUM(c1:c2)','=SUM(d1:d2)','=SUM(e1:e2)',NULL,NULL,NULL,NULL,NULL,NULL,NULL,NULL,'Name','Artikelbeschreibung','0% MwSt','7% MwSt','19% MwSt',NULL,NULL,NULL,NULL,NULL,NULL),(318,24,'a','b','c','d','1','2','3',NULL,NULL,NULL,NULL,NULL,'7% MwSt','Menge','Unterbringung','Buchnummer','Name','0% MwSt','19% MwSt',NULL,NULL,NULL,NULL,NULL),(319,24,'a','b','c','d','2','3','4',NULL,NULL,NULL,NULL,NULL,'7% MwSt','Menge','Unterbringung','Buchnummer','Name','0% MwSt','19% MwSt',NULL,NULL,NULL,NULL,NULL),(320,24,'a','b','c','d','3','4','5',NULL,NULL,NULL,NULL,NULL,'7% MwSt','Menge','Unterbringung','Buchnummer','Name','0% MwSt','19% MwSt',NULL,NULL,NULL,NULL,NULL),(321,24,'Gesamt:','','','','=SUM(e1:e3)','=SUM(f1:f3)','=SUM(g1:g3)',NULL,NULL,NULL,NULL,NULL,'7% MwSt','Menge','Unterbringung','Buchnummer','Name','0% MwSt','19% MwSt',NULL,NULL,NULL,NULL,NULL),(322,25,'a','b','c','d','1','2','3',NULL,NULL,NULL,NULL,NULL,'7% MwSt','Menge','Unterbringung','Buchnummer','Name','0% MwSt','19% MwSt',NULL,NULL,NULL,NULL,NULL),(323,25,'a','b','c','d','2','3','4',NULL,NULL,NULL,NULL,NULL,'7% MwSt','Menge','Unterbringung','Buchnummer','Name','0% MwSt','19% MwSt',NULL,NULL,NULL,NULL,NULL),(324,25,'a','b','c','d','3','4','5',NULL,NULL,NULL,NULL,NULL,'7% MwSt','Menge','Unterbringung','Buchnummer','Name','0% MwSt','19% MwSt',NULL,NULL,NULL,NULL,NULL),(325,25,'Gesamt:','','','','=SUM(e1:e3)','=SUM(f1:f3)','=SUM(g1:g3)',NULL,NULL,NULL,NULL,NULL,'7% MwSt','Menge','Unterbringung','Buchnummer','Name','0% MwSt','19% MwSt',NULL,NULL,NULL,NULL,NULL),(326,26,'2','dort','123','meyer','1','2','3',NULL,NULL,NULL,NULL,NULL,'7% MwSt','Menge','Unterbringung','Buchnummer','Name','0% MwSt','19% MwSt',NULL,NULL,NULL,NULL,NULL),(327,26,'2','drüben','213','müller','2','3','4',NULL,NULL,NULL,NULL,NULL,'7% MwSt','Menge','Unterbringung','Buchnummer','Name','0% MwSt','19% MwSt',NULL,NULL,NULL,NULL,NULL),(328,26,'3','unten','321','eder','3','4','5',NULL,NULL,NULL,NULL,NULL,'7% MwSt','Menge','Unterbringung','Buchnummer','Name','0% MwSt','19% MwSt',NULL,NULL,NULL,NULL,NULL),(329,26,'Gesamt:','','','','=SUM(e1:e3)','=SUM(f1:f3)','=SUM(g1:g3)',NULL,NULL,NULL,NULL,NULL,'7% MwSt','Menge','Unterbringung','Buchnummer','Name','0% MwSt','19% MwSt',NULL,NULL,NULL,NULL,NULL),(330,27,'2','dort','123','meyer','1','2','3',NULL,NULL,NULL,NULL,NULL,'7% MwSt','Menge','Unterbringung','Buchnummer','Name','0% MwSt','19% MwSt',NULL,NULL,NULL,NULL,NULL),(331,27,'2','drüben','213','müller','2','3','4',NULL,NULL,NULL,NULL,NULL,'7% MwSt','Menge','Unterbringung','Buchnummer','Name','0% MwSt','19% MwSt',NULL,NULL,NULL,NULL,NULL),(332,27,'3','unten','321','eder','3','4','5',NULL,NULL,NULL,NULL,NULL,'7% MwSt','Menge','Unterbringung','Buchnummer','Name','0% MwSt','19% MwSt',NULL,NULL,NULL,NULL,NULL),(333,27,'Gesamt:','','','','=SUM(e1:e3)','=SUM(f1:f3)','=SUM(g1:g3)',NULL,NULL,NULL,NULL,NULL,'7% MwSt','Menge','Unterbringung','Buchnummer','Name','0% MwSt','19% MwSt',NULL,NULL,NULL,NULL,NULL),(334,28,'d','b','c','d','1','2','3',NULL,NULL,NULL,NULL,NULL,'7% MwSt','Menge','Unterbringung','Buchnummer','Name','0% MwSt','19% MwSt',NULL,NULL,NULL,NULL,NULL),(335,28,'e','b','c','d','2','3','4',NULL,NULL,NULL,NULL,NULL,'7% MwSt','Menge','Unterbringung','Buchnummer','Name','0% MwSt','19% MwSt',NULL,NULL,NULL,NULL,NULL),(336,28,'f','b','c','d','3','4','5',NULL,NULL,NULL,NULL,NULL,'7% MwSt','Menge','Unterbringung','Buchnummer','Name','0% MwSt','19% MwSt',NULL,NULL,NULL,NULL,NULL),(337,28,'Gesamt:','','','','=SUM(e1:e3)','=SUM(f1:f3)','=SUM(g1:g3)',NULL,NULL,NULL,NULL,NULL,'7% MwSt','Menge','Unterbringung','Buchnummer','Name','0% MwSt','19% MwSt',NULL,NULL,NULL,NULL,NULL),(338,29,'2','dortn','123','meyer','1','51','1111.111',NULL,NULL,NULL,NULL,NULL,'7% MwSt','Menge','Unterbringung','Buchnummer','Name','0% MwSt','19% MwSt',NULL,NULL,NULL,NULL,NULL),(339,29,'3','drüben','321','müller','2','12','2',NULL,NULL,NULL,NULL,NULL,'7% MwSt','Menge','Unterbringung','Buchnummer','Name','0% MwSt','19% MwSt',NULL,NULL,NULL,NULL,NULL),(340,29,'4','drunten','213','eder','333.44','123','1',NULL,NULL,NULL,NULL,NULL,'7% MwSt','Menge','Unterbringung','Buchnummer','Name','0% MwSt','19% MwSt',NULL,NULL,NULL,NULL,NULL),(341,29,'Gesamt:','','','','=SUM(e1:e3)','=SUM(f1:f3)','=SUM(g1:g3)',NULL,NULL,NULL,NULL,NULL,'7% MwSt','Menge','Unterbringung','Buchnummer','Name','0% MwSt','19% MwSt',NULL,NULL,NULL,NULL,NULL),(342,30,'2','dortn','123','meyer','1','51','1111.111',NULL,NULL,NULL,NULL,NULL,'7% MwSt','Menge','Unterbringung','Buchnummer','Name','0% MwSt','19% MwSt',NULL,NULL,NULL,NULL,NULL),(343,30,'3','drüben','321','müller','2','12','2',NULL,NULL,NULL,NULL,NULL,'7% MwSt','Menge','Unterbringung','Buchnummer','Name','0% MwSt','19% MwSt',NULL,NULL,NULL,NULL,NULL),(344,30,'4','drunten','213','eder','333.44','123','1',NULL,NULL,NULL,NULL,NULL,'7% MwSt','Menge','Unterbringung','Buchnummer','Name','0% MwSt','19% MwSt',NULL,NULL,NULL,NULL,NULL),(345,30,'1','hinten','123123','dünn','123','123','1',NULL,NULL,NULL,NULL,NULL,'7% MwSt','Menge','Unterbringung','Buchnummer','Name','0% MwSt','19% MwSt',NULL,NULL,NULL,NULL,NULL),(346,30,'Gesamt:','','','','=SUM(e1:e4)','=SUM(f1:f4)','=SUM(g1:g4)',NULL,NULL,NULL,NULL,NULL,'7% MwSt','Menge','Unterbringung','Buchnummer','Name','0% MwSt','19% MwSt',NULL,NULL,NULL,NULL,NULL),(347,31,'2','dortn','123','meyer','1','51','1111.111',NULL,NULL,NULL,NULL,NULL,'7% MwSt','Menge','Unterbringung','Buchnummer','Name','0% MwSt','19% MwSt',NULL,NULL,NULL,NULL,NULL),(348,31,'3','drüben','321','müller','2','12','2',NULL,NULL,NULL,NULL,NULL,'7% MwSt','Menge','Unterbringung','Buchnummer','Name','0% MwSt','19% MwSt',NULL,NULL,NULL,NULL,NULL),(349,31,'4','drunten','213','eder','333.44','123','1',NULL,NULL,NULL,NULL,NULL,'7% MwSt','Menge','Unterbringung','Buchnummer','Name','0% MwSt','19% MwSt',NULL,NULL,NULL,NULL,NULL),(350,31,'1','hinten','123123','dünn','123','123','1',NULL,NULL,NULL,NULL,NULL,'7% MwSt','Menge','Unterbringung','Buchnummer','Name','0% MwSt','19% MwSt',NULL,NULL,NULL,NULL,NULL),(351,31,'Gesamt:','','','','=SUM(e1:e3)','=SUM(f1:f3)','=SUM(g1:g3)',NULL,NULL,NULL,NULL,NULL,'7% MwSt','Menge','Unterbringung','Buchnummer','Name','0% MwSt','19% MwSt',NULL,NULL,NULL,NULL,NULL),(352,32,'2','dortn','123','meyer','1','51','1111.111',NULL,NULL,NULL,NULL,NULL,'7% MwSt','Menge','Unterbringung','Buchnummer','Name','0% MwSt','19% MwSt',NULL,NULL,NULL,NULL,NULL),(353,32,'3','drüben','321','müller','2','12','2',NULL,NULL,NULL,NULL,NULL,'7% MwSt','Menge','Unterbringung','Buchnummer','Name','0% MwSt','19% MwSt',NULL,NULL,NULL,NULL,NULL),(354,32,'4','drunten','213','eder','333.44','123','1',NULL,NULL,NULL,NULL,NULL,'7% MwSt','Menge','Unterbringung','Buchnummer','Name','0% MwSt','19% MwSt',NULL,NULL,NULL,NULL,NULL),(355,32,'1','hinten','123123','dünn','123','123','1',NULL,NULL,NULL,NULL,NULL,'7% MwSt','Menge','Unterbringung','Buchnummer','Name','0% MwSt','19% MwSt',NULL,NULL,NULL,NULL,NULL),(356,32,'Gesamt:','','','','=SUM(e1:e3)','=SUM(f1:f3)','=SUM(g1:g3)',NULL,NULL,NULL,NULL,NULL,'7% MwSt','Menge','Unterbringung','Buchnummer','Name','0% MwSt','19% MwSt',NULL,NULL,NULL,NULL,NULL),(357,33,'2','dortn','123','meyer','1','51','1111.111',NULL,NULL,NULL,NULL,NULL,'7% MwSt','Menge','Unterbringung','Buchnummer','Name','0% MwSt','19% MwSt',NULL,NULL,NULL,NULL,NULL),(358,33,'3','drüben','321','müller','2','12','2',NULL,NULL,NULL,NULL,NULL,'7% MwSt','Menge','Unterbringung','Buchnummer','Name','0% MwSt','19% MwSt',NULL,NULL,NULL,NULL,NULL),(359,33,'4','drunten','213','eder','333.44','123','1',NULL,NULL,NULL,NULL,NULL,'7% MwSt','Menge','Unterbringung','Buchnummer','Name','0% MwSt','19% MwSt',NULL,NULL,NULL,NULL,NULL),(360,33,'1','hinten','123123','dünn','123','123','1',NULL,NULL,NULL,NULL,NULL,'7% MwSt','Menge','Unterbringung','Buchnummer','Name','0% MwSt','19% MwSt',NULL,NULL,NULL,NULL,NULL),(361,33,'Gesamt:','','','','=SUM(e1:e3)','=SUM(f1:f3)','=SUM(g1:g3)',NULL,NULL,NULL,NULL,NULL,'7% MwSt','Menge','Unterbringung','Buchnummer','Name','0% MwSt','19% MwSt',NULL,NULL,NULL,NULL,NULL),(362,34,'2','dortn','123','meyer','1','51','1111.111',NULL,NULL,NULL,NULL,NULL,'7% MwSt','Menge','Unterbringung','Buchnummer','Name','0% MwSt','19% MwSt',NULL,NULL,NULL,NULL,NULL),(363,34,'3','drüben','321','müller','2','12','2',NULL,NULL,NULL,NULL,NULL,'7% MwSt','Menge','Unterbringung','Buchnummer','Name','0% MwSt','19% MwSt',NULL,NULL,NULL,NULL,NULL),(364,34,'4','drunten','213','eder','333.44','123','1',NULL,NULL,NULL,NULL,NULL,'7% MwSt','Menge','Unterbringung','Buchnummer','Name','0% MwSt','19% MwSt',NULL,NULL,NULL,NULL,NULL),(365,34,'1','hinten','123123','dünn','123','123','1',NULL,NULL,NULL,NULL,NULL,'7% MwSt','Menge','Unterbringung','Buchnummer','Name','0% MwSt','19% MwSt',NULL,NULL,NULL,NULL,NULL),(366,34,'Gesamt:','','','','=SUM(e1:e3)','=SUM(f1:f3)','=SUM(g1:g3)',NULL,NULL,NULL,NULL,NULL,'7% MwSt','Menge','Unterbringung','Buchnummer','Name','0% MwSt','19% MwSt',NULL,NULL,NULL,NULL,NULL),(367,35,'2','dortn','123','meyer','1','51','1111.111',NULL,NULL,NULL,NULL,NULL,'7% MwSt','Menge','Unterbringung','Buchnummer','Name','0% MwSt','19% MwSt',NULL,NULL,NULL,NULL,NULL),(368,35,'3','drüben','321','müller','2','12','2',NULL,NULL,NULL,NULL,NULL,'7% MwSt','Menge','Unterbringung','Buchnummer','Name','0% MwSt','19% MwSt',NULL,NULL,NULL,NULL,NULL),(369,35,'4','drunten','213','eder','333.44','123','1',NULL,NULL,NULL,NULL,NULL,'7% MwSt','Menge','Unterbringung','Buchnummer','Name','0% MwSt','19% MwSt',NULL,NULL,NULL,NULL,NULL),(370,35,'1','hinten','123123','dünn','123','123','1',NULL,NULL,NULL,NULL,NULL,'7% MwSt','Menge','Unterbringung','Buchnummer','Name','0% MwSt','19% MwSt',NULL,NULL,NULL,NULL,NULL),(371,35,'Gesamt:','','','','=SUM(e1:e3)','=SUM(f1:f3)','=SUM(g1:g3)',NULL,NULL,NULL,NULL,NULL,'7% MwSt','Menge','Unterbringung','Buchnummer','Name','0% MwSt','19% MwSt',NULL,NULL,NULL,NULL,NULL),(372,36,'2','dortn','123','meyer','1','51','1111.111',NULL,NULL,NULL,NULL,NULL,'7% MwSt','Menge','Unterbringung','Buchnummer','Name','0% MwSt','19% MwSt',NULL,NULL,NULL,NULL,NULL),(373,36,'3','drüben','321','müller','2','12','2',NULL,NULL,NULL,NULL,NULL,'7% MwSt','Menge','Unterbringung','Buchnummer','Name','0% MwSt','19% MwSt',NULL,NULL,NULL,NULL,NULL),(374,36,'4','drunten','213','eder','333.44','123','1',NULL,NULL,NULL,NULL,NULL,'7% MwSt','Menge','Unterbringung','Buchnummer','Name','0% MwSt','19% MwSt',NULL,NULL,NULL,NULL,NULL),(375,36,'1','hinten','123123','dünn','123','123','1',NULL,NULL,NULL,NULL,NULL,'7% MwSt','Menge','Unterbringung','Buchnummer','Name','0% MwSt','19% MwSt',NULL,NULL,NULL,NULL,NULL),(376,36,'Gesamt:','','','','=SUM(e1:e3)','=SUM(f1:f3)','=SUM(g1:g3)',NULL,NULL,NULL,NULL,NULL,'7% MwSt','Menge','Unterbringung','Buchnummer','Name','0% MwSt','19% MwSt',NULL,NULL,NULL,NULL,NULL),(377,37,'2','dortn','123','meyer','1','51','1111.111',NULL,NULL,NULL,NULL,NULL,'7% MwSt','Menge','Unterbringung','Buchnummer','Name','0% MwSt','19% MwSt',NULL,NULL,NULL,NULL,NULL),(378,37,'3','drüben','321','müller','2','12','2',NULL,NULL,NULL,NULL,NULL,'7% MwSt','Menge','Unterbringung','Buchnummer','Name','0% MwSt','19% MwSt',NULL,NULL,NULL,NULL,NULL),(379,37,'4','drunten','213','eder','333.44','123','1',NULL,NULL,NULL,NULL,NULL,'7% MwSt','Menge','Unterbringung','Buchnummer','Name','0% MwSt','19% MwSt',NULL,NULL,NULL,NULL,NULL),(380,37,'1','hinten','123123','dünn','123','123','1',NULL,NULL,NULL,NULL,NULL,'7% MwSt','Menge','Unterbringung','Buchnummer','Name','0% MwSt','19% MwSt',NULL,NULL,NULL,NULL,NULL),(381,37,'Gesamt:','','','','=SUM(e1:e3)','=SUM(f1:f3)','=SUM(g1:g3)',NULL,NULL,NULL,NULL,NULL,'7% MwSt','Menge','Unterbringung','Buchnummer','Name','0% MwSt','19% MwSt',NULL,NULL,NULL,NULL,NULL),(382,38,'2','dortn','123','meyer','1','51','1111.111',NULL,NULL,NULL,NULL,NULL,'7% MwSt','Menge','Unterbringung','Buchnummer','Name','0% MwSt','19% MwSt',NULL,NULL,NULL,NULL,NULL),(383,38,'3','drüben','321','müller','2','12','2',NULL,NULL,NULL,NULL,NULL,'7% MwSt','Menge','Unterbringung','Buchnummer','Name','0% MwSt','19% MwSt',NULL,NULL,NULL,NULL,NULL),(384,38,'4','drunten','213','eder','333.44','123','1',NULL,NULL,NULL,NULL,NULL,'7% MwSt','Menge','Unterbringung','Buchnummer','Name','0% MwSt','19% MwSt',NULL,NULL,NULL,NULL,NULL),(385,38,'1','hinten','123123','dünn','123','123','1',NULL,NULL,NULL,NULL,NULL,'7% MwSt','Menge','Unterbringung','Buchnummer','Name','0% MwSt','19% MwSt',NULL,NULL,NULL,NULL,NULL),(386,38,'Gesamt:','','','','=SUM(e1:e3)','=SUM(f1:f3)','=SUM(g1:g3)',NULL,NULL,NULL,NULL,NULL,'7% MwSt','Menge','Unterbringung','Buchnummer','Name','0% MwSt','19% MwSt',NULL,NULL,NULL,NULL,NULL),(387,39,'2','dortn','123','meyer','1','51','1111.111',NULL,NULL,NULL,NULL,NULL,'7% MwSt','Menge','Unterbringung','Buchnummer','Name','0% MwSt','19% MwSt',NULL,NULL,NULL,NULL,NULL),(388,39,'3','drüben','321','müller','2','12','2',NULL,NULL,NULL,NULL,NULL,'7% MwSt','Menge','Unterbringung','Buchnummer','Name','0% MwSt','19% MwSt',NULL,NULL,NULL,NULL,NULL),(389,39,'4','drunten','213','eder','333.44','123','1',NULL,NULL,NULL,NULL,NULL,'7% MwSt','Menge','Unterbringung','Buchnummer','Name','0% MwSt','19% MwSt',NULL,NULL,NULL,NULL,NULL),(390,39,'1','hinten','123123','dünn','123','123','1',NULL,NULL,NULL,NULL,NULL,'7% MwSt','Menge','Unterbringung','Buchnummer','Name','0% MwSt','19% MwSt',NULL,NULL,NULL,NULL,NULL),(391,39,'Gesamt:','','','','=SUM(e1:e3)','=SUM(f1:f3)','=SUM(g1:g3)',NULL,NULL,NULL,NULL,NULL,'7% MwSt','Menge','Unterbringung','Buchnummer','Name','0% MwSt','19% MwSt',NULL,NULL,NULL,NULL,NULL),(392,40,'2','dortn','123','meyer','1','51','1111.111',NULL,NULL,NULL,NULL,NULL,'7% MwSt','Menge','Unterbringung','Buchnummer','Name','0% MwSt','19% MwSt',NULL,NULL,NULL,NULL,NULL),(393,40,'3','drüben','321','müller','2','12','2',NULL,NULL,NULL,NULL,NULL,'7% MwSt','Menge','Unterbringung','Buchnummer','Name','0% MwSt','19% MwSt',NULL,NULL,NULL,NULL,NULL),(394,40,'4','drunten','213','eder','333.44','123','1',NULL,NULL,NULL,NULL,NULL,'7% MwSt','Menge','Unterbringung','Buchnummer','Name','0% MwSt','19% MwSt',NULL,NULL,NULL,NULL,NULL),(395,40,'1','hinten','123123','dünn','123','123','1',NULL,NULL,NULL,NULL,NULL,'7% MwSt','Menge','Unterbringung','Buchnummer','Name','0% MwSt','19% MwSt',NULL,NULL,NULL,NULL,NULL),(396,40,'Gesamt:','','','','=SUM(e1:e3)','=SUM(f1:f3)','=SUM(g1:g3)',NULL,NULL,NULL,NULL,NULL,'7% MwSt','Menge','Unterbringung','Buchnummer','Name','0% MwSt','19% MwSt',NULL,NULL,NULL,NULL,NULL),(397,41,'2','dortn','123','meyer','1','51','1111.111',NULL,NULL,NULL,NULL,NULL,'7% MwSt','Menge','Unterbringung','Buchnummer','Name','0% MwSt','19% MwSt',NULL,NULL,NULL,NULL,NULL),(398,41,'3','drüben','321','müller','2','12','2',NULL,NULL,NULL,NULL,NULL,'7% MwSt','Menge','Unterbringung','Buchnummer','Name','0% MwSt','19% MwSt',NULL,NULL,NULL,NULL,NULL),(399,41,'4','drunten','213','eder','333.44','123','1',NULL,NULL,NULL,NULL,NULL,'7% MwSt','Menge','Unterbringung','Buchnummer','Name','0% MwSt','19% MwSt',NULL,NULL,NULL,NULL,NULL),(400,41,'1','hinten','123123','dünn','123','123','1',NULL,NULL,NULL,NULL,NULL,'7% MwSt','Menge','Unterbringung','Buchnummer','Name','0% MwSt','19% MwSt',NULL,NULL,NULL,NULL,NULL),(401,41,'Gesamt:','','','','=SUM(e1:e3)','=SUM(f1:f3)','=SUM(g1:g3)',NULL,NULL,NULL,NULL,NULL,'7% MwSt','Menge','Unterbringung','Buchnummer','Name','0% MwSt','19% MwSt',NULL,NULL,NULL,NULL,NULL),(402,42,'2','dortn','123','meyer','1','51','1111.111',NULL,NULL,NULL,NULL,NULL,'7% MwSt','Menge','Unterbringung','Buchnummer','Name','0% MwSt','19% MwSt',NULL,NULL,NULL,NULL,NULL),(403,42,'3','drüben','321','müller','2','12','2',NULL,NULL,NULL,NULL,NULL,'7% MwSt','Menge','Unterbringung','Buchnummer','Name','0% MwSt','19% MwSt',NULL,NULL,NULL,NULL,NULL),(404,42,'4','drunten','213','eder','333.44','123','1',NULL,NULL,NULL,NULL,NULL,'7% MwSt','Menge','Unterbringung','Buchnummer','Name','0% MwSt','19% MwSt',NULL,NULL,NULL,NULL,NULL),(405,42,'1','hinten','123123','dünn','123','123','1',NULL,NULL,NULL,NULL,NULL,'7% MwSt','Menge','Unterbringung','Buchnummer','Name','0% MwSt','19% MwSt',NULL,NULL,NULL,NULL,NULL),(406,42,'Gesamt:','','','','=SUM(e1:e3)','=SUM(f1:f3)','=SUM(g1:g3)',NULL,NULL,NULL,NULL,NULL,'7% MwSt','Menge','Unterbringung','Buchnummer','Name','0% MwSt','19% MwSt',NULL,NULL,NULL,NULL,NULL),(407,43,'2','dortn','123','meyer','1','51','1111.111',NULL,NULL,NULL,NULL,NULL,'7% MwSt','Menge','Unterbringung','Buchnummer','Name','0% MwSt','19% MwSt',NULL,NULL,NULL,NULL,NULL),(408,43,'3','drüben','321','müller','2','12','2',NULL,NULL,NULL,NULL,NULL,'7% MwSt','Menge','Unterbringung','Buchnummer','Name','0% MwSt','19% MwSt',NULL,NULL,NULL,NULL,NULL),(409,43,'4','drunten','213','eder','333.44','123','1',NULL,NULL,NULL,NULL,NULL,'7% MwSt','Menge','Unterbringung','Buchnummer','Name','0% MwSt','19% MwSt',NULL,NULL,NULL,NULL,NULL),(410,43,'1','hinten','123123','dünn','123','123','1',NULL,NULL,NULL,NULL,NULL,'7% MwSt','Menge','Unterbringung','Buchnummer','Name','0% MwSt','19% MwSt',NULL,NULL,NULL,NULL,NULL),(411,43,'Gesamt:','','','','=SUM(e1:e3)','=SUM(f1:f3)','=SUM(g1:g3)',NULL,NULL,NULL,NULL,NULL,'7% MwSt','Menge','Unterbringung','Buchnummer','Name','0% MwSt','19% MwSt',NULL,NULL,NULL,NULL,NULL),(412,44,'2','dortn','123','meyer','1','51','1111.111',NULL,NULL,NULL,NULL,NULL,'7% MwSt','Menge','Unterbringung','Buchnummer','Name','0% MwSt','19% MwSt',NULL,NULL,NULL,NULL,NULL),(413,44,'3','drüben','321','müller','2','12','2',NULL,NULL,NULL,NULL,NULL,'7% MwSt','Menge','Unterbringung','Buchnummer','Name','0% MwSt','19% MwSt',NULL,NULL,NULL,NULL,NULL),(414,44,'4','drunten','213','eder','333.44','123','1',NULL,NULL,NULL,NULL,NULL,'7% MwSt','Menge','Unterbringung','Buchnummer','Name','0% MwSt','19% MwSt',NULL,NULL,NULL,NULL,NULL),(415,44,'1','hinten','123123','dünn','123','123','1',NULL,NULL,NULL,NULL,NULL,'7% MwSt','Menge','Unterbringung','Buchnummer','Name','0% MwSt','19% MwSt',NULL,NULL,NULL,NULL,NULL),(416,44,'Gesamt:','','','','=SUM(e1:e3)','=SUM(f1:f3)','=SUM(g1:g3)',NULL,NULL,NULL,NULL,NULL,'7% MwSt','Menge','Unterbringung','Buchnummer','Name','0% MwSt','19% MwSt',NULL,NULL,NULL,NULL,NULL),(417,45,'2','dortn','123','meyer','1','51','1111.111',NULL,NULL,NULL,NULL,NULL,'7% MwSt','Menge','Unterbringung','Buchnummer','Name','0% MwSt','19% MwSt',NULL,NULL,NULL,NULL,NULL),(418,45,'3','drüben','321','müller','2','12','2',NULL,NULL,NULL,NULL,NULL,'7% MwSt','Menge','Unterbringung','Buchnummer','Name','0% MwSt','19% MwSt',NULL,NULL,NULL,NULL,NULL),(419,45,'4','drunten','213','eder','333.44','123','1',NULL,NULL,NULL,NULL,NULL,'7% MwSt','Menge','Unterbringung','Buchnummer','Name','0% MwSt','19% MwSt',NULL,NULL,NULL,NULL,NULL),(420,45,'1','hinten','123123','dünn','123','123','1',NULL,NULL,NULL,NULL,NULL,'7% MwSt','Menge','Unterbringung','Buchnummer','Name','0% MwSt','19% MwSt',NULL,NULL,NULL,NULL,NULL),(421,45,'Gesamt:','','','','=SUM(e1:e3)','=SUM(f1:f3)','=SUM(g1:g3)',NULL,NULL,NULL,NULL,NULL,'7% MwSt','Menge','Unterbringung','Buchnummer','Name','0% MwSt','19% MwSt',NULL,NULL,NULL,NULL,NULL),(422,46,'2','dortn','123','meyer','1','51','1111.111',NULL,NULL,NULL,NULL,NULL,'7% MwSt','Menge','Unterbringung','Buchnummer','Name','0% MwSt','19% MwSt',NULL,NULL,NULL,NULL,NULL),(423,46,'3','drüben','321','müller','2','12','2',NULL,NULL,NULL,NULL,NULL,'7% MwSt','Menge','Unterbringung','Buchnummer','Name','0% MwSt','19% MwSt',NULL,NULL,NULL,NULL,NULL),(424,46,'4','drunten','213','eder','333.44','123','1',NULL,NULL,NULL,NULL,NULL,'7% MwSt','Menge','Unterbringung','Buchnummer','Name','0% MwSt','19% MwSt',NULL,NULL,NULL,NULL,NULL),(425,46,'1','hinten','123123','dünn','123','123','1',NULL,NULL,NULL,NULL,NULL,'7% MwSt','Menge','Unterbringung','Buchnummer','Name','0% MwSt','19% MwSt',NULL,NULL,NULL,NULL,NULL),(426,46,'Gesamt:','','','','=SUM(e1:e3)','=SUM(f1:f3)','=SUM(g1:g3)',NULL,NULL,NULL,NULL,NULL,'7% MwSt','Menge','Unterbringung','Buchnummer','Name','0% MwSt','19% MwSt',NULL,NULL,NULL,NULL,NULL),(427,47,'2','dortn','123','meyer','1','51','1111.111',NULL,NULL,NULL,NULL,NULL,'7% MwSt','Menge','Unterbringung','Buchnummer','Name','0% MwSt','19% MwSt',NULL,NULL,NULL,NULL,NULL),(428,47,'3','drüben','321','müller','2','12','2',NULL,NULL,NULL,NULL,NULL,'7% MwSt','Menge','Unterbringung','Buchnummer','Name','0% MwSt','19% MwSt',NULL,NULL,NULL,NULL,NULL),(429,47,'4','drunten','213','eder','333.44','123','1',NULL,NULL,NULL,NULL,NULL,'7% MwSt','Menge','Unterbringung','Buchnummer','Name','0% MwSt','19% MwSt',NULL,NULL,NULL,NULL,NULL),(430,47,'1','hinten','123123','dünn','123','123','1',NULL,NULL,NULL,NULL,NULL,'7% MwSt','Menge','Unterbringung','Buchnummer','Name','0% MwSt','19% MwSt',NULL,NULL,NULL,NULL,NULL),(431,47,'Gesamt:','','','','=SUM(e1:e3)','=SUM(f1:f3)','=SUM(g1:g3)',NULL,NULL,NULL,NULL,NULL,'7% MwSt','Menge','Unterbringung','Buchnummer','Name','0% MwSt','19% MwSt',NULL,NULL,NULL,NULL,NULL),(432,48,'2','dortn','123','meyer','1','51','1111.111',NULL,NULL,NULL,NULL,NULL,'7% MwSt','Menge','Unterbringung','Buchnummer','Name','0% MwSt','19% MwSt',NULL,NULL,NULL,NULL,NULL),(433,48,'3','drüben','321','müller','2','12','2',NULL,NULL,NULL,NULL,NULL,'7% MwSt','Menge','Unterbringung','Buchnummer','Name','0% MwSt','19% MwSt',NULL,NULL,NULL,NULL,NULL),(434,48,'4','drunten','213','eder','333.44','123','1',NULL,NULL,NULL,NULL,NULL,'7% MwSt','Menge','Unterbringung','Buchnummer','Name','0% MwSt','19% MwSt',NULL,NULL,NULL,NULL,NULL),(435,48,'1','hinten','123123','dünn','123','123','1',NULL,NULL,NULL,NULL,NULL,'7% MwSt','Menge','Unterbringung','Buchnummer','Name','0% MwSt','19% MwSt',NULL,NULL,NULL,NULL,NULL),(436,48,'Gesamt:','','','','=SUM(e1:e3)','=SUM(f1:f3)','=SUM(g1:g3)',NULL,NULL,NULL,NULL,NULL,'7% MwSt','Menge','Unterbringung','Buchnummer','Name','0% MwSt','19% MwSt',NULL,NULL,NULL,NULL,NULL),(437,49,'2','dortn','123','meyer','1','51','1111.111',NULL,NULL,NULL,NULL,NULL,'7% MwSt','Menge','Unterbringung','Buchnummer','Name','0% MwSt','19% MwSt',NULL,NULL,NULL,NULL,NULL),(438,49,'3','drüben','321','müller','2','12','2',NULL,NULL,NULL,NULL,NULL,'7% MwSt','Menge','Unterbringung','Buchnummer','Name','0% MwSt','19% MwSt',NULL,NULL,NULL,NULL,NULL),(439,49,'4','drunten','213','eder','333.44','123','1',NULL,NULL,NULL,NULL,NULL,'7% MwSt','Menge','Unterbringung','Buchnummer','Name','0% MwSt','19% MwSt',NULL,NULL,NULL,NULL,NULL),(440,49,'1','hinten','123123','dünn','123','123','1',NULL,NULL,NULL,NULL,NULL,'7% MwSt','Menge','Unterbringung','Buchnummer','Name','0% MwSt','19% MwSt',NULL,NULL,NULL,NULL,NULL),(441,49,'Gesamt:','','','','=SUM(e1:e3)','=SUM(f1:f3)','=SUM(g1:g3)',NULL,NULL,NULL,NULL,NULL,'7% MwSt','Menge','Unterbringung','Buchnummer','Name','0% MwSt','19% MwSt',NULL,NULL,NULL,NULL,NULL),(442,50,'2','dortn','123','meyer','1','51','1111.111',NULL,NULL,NULL,NULL,NULL,'7% MwSt','Menge','Unterbringung','Buchnummer','Name','0% MwSt','19% MwSt',NULL,NULL,NULL,NULL,NULL),(443,50,'3','drüben','321','müller','2','12','2',NULL,NULL,NULL,NULL,NULL,'7% MwSt','Menge','Unterbringung','Buchnummer','Name','0% MwSt','19% MwSt',NULL,NULL,NULL,NULL,NULL),(444,50,'4','drunten','213','eder','333.44','123','1',NULL,NULL,NULL,NULL,NULL,'7% MwSt','Menge','Unterbringung','Buchnummer','Name','0% MwSt','19% MwSt',NULL,NULL,NULL,NULL,NULL),(445,50,'1','hinten','123123','dünn','123','123','1',NULL,NULL,NULL,NULL,NULL,'7% MwSt','Menge','Unterbringung','Buchnummer','Name','0% MwSt','19% MwSt',NULL,NULL,NULL,NULL,NULL),(446,50,'Gesamt:','','','','=SUM(e1:e3)','=SUM(f1:f3)','=SUM(g1:g3)',NULL,NULL,NULL,NULL,NULL,'7% MwSt','Menge','Unterbringung','Buchnummer','Name','0% MwSt','19% MwSt',NULL,NULL,NULL,NULL,NULL),(447,51,'2','dortn','123','meyer','1','51','1111.111',NULL,NULL,NULL,NULL,NULL,'7% MwSt','Menge','Unterbringung','Buchnummer','Name','0% MwSt','19% MwSt',NULL,NULL,NULL,NULL,NULL),(448,51,'3','drüben','321','müller','2','12','2',NULL,NULL,NULL,NULL,NULL,'7% MwSt','Menge','Unterbringung','Buchnummer','Name','0% MwSt','19% MwSt',NULL,NULL,NULL,NULL,NULL),(449,51,'4','drunten','213','eder','333.44','123','1',NULL,NULL,NULL,NULL,NULL,'7% MwSt','Menge','Unterbringung','Buchnummer','Name','0% MwSt','19% MwSt',NULL,NULL,NULL,NULL,NULL),(450,51,'1','hinten','123123','dünn','123','123','1',NULL,NULL,NULL,NULL,NULL,'7% MwSt','Menge','Unterbringung','Buchnummer','Name','0% MwSt','19% MwSt',NULL,NULL,NULL,NULL,NULL),(451,51,'Gesamt:','','','','=SUM(e1:e3)','=SUM(f1:f3)','=SUM(g1:g3)',NULL,NULL,NULL,NULL,NULL,'7% MwSt','Menge','Unterbringung','Buchnummer','Name','0% MwSt','19% MwSt',NULL,NULL,NULL,NULL,NULL),(452,52,'2','dortn','123','meyer','1','51','1111.111',NULL,NULL,NULL,NULL,NULL,'7% MwSt','Menge','Unterbringung','Buchnummer','Name','0% MwSt','19% MwSt',NULL,NULL,NULL,NULL,NULL),(453,52,'3','drüben','321','müller','2','12','2',NULL,NULL,NULL,NULL,NULL,'7% MwSt','Menge','Unterbringung','Buchnummer','Name','0% MwSt','19% MwSt',NULL,NULL,NULL,NULL,NULL),(454,52,'4','drunten','213','eder','333.44','123','1',NULL,NULL,NULL,NULL,NULL,'7% MwSt','Menge','Unterbringung','Buchnummer','Name','0% MwSt','19% MwSt',NULL,NULL,NULL,NULL,NULL),(455,52,'1','hinten','123123','dünn','123','123','1',NULL,NULL,NULL,NULL,NULL,'7% MwSt','Menge','Unterbringung','Buchnummer','Name','0% MwSt','19% MwSt',NULL,NULL,NULL,NULL,NULL),(456,52,'Gesamt:','','','','=SUM(e1:e3)','=SUM(f1:f3)','=SUM(g1:g3)',NULL,NULL,NULL,NULL,NULL,'7% MwSt','Menge','Unterbringung','Buchnummer','Name','0% MwSt','19% MwSt',NULL,NULL,NULL,NULL,NULL),(457,53,'2','dortn','123','meyer','1','51','1111.111',NULL,NULL,NULL,NULL,NULL,'7% MwSt','Menge','Unterbringung','Buchnummer','Name','0% MwSt','19% MwSt',NULL,NULL,NULL,NULL,NULL),(458,53,'3','drüben','321','müller','2','12','2',NULL,NULL,NULL,NULL,NULL,'7% MwSt','Menge','Unterbringung','Buchnummer','Name','0% MwSt','19% MwSt',NULL,NULL,NULL,NULL,NULL),(459,53,'4','drunten','213','eder','333.44','123','1',NULL,NULL,NULL,NULL,NULL,'7% MwSt','Menge','Unterbringung','Buchnummer','Name','0% MwSt','19% MwSt',NULL,NULL,NULL,NULL,NULL),(460,53,'1','hinten','123123','dünn','123','123','1',NULL,NULL,NULL,NULL,NULL,'7% MwSt','Menge','Unterbringung','Buchnummer','Name','0% MwSt','19% MwSt',NULL,NULL,NULL,NULL,NULL),(461,53,'Gesamt:','','','','=SUM(e1:e3)','=SUM(f1:f3)','=SUM(g1:g3)',NULL,NULL,NULL,NULL,NULL,'7% MwSt','Menge','Unterbringung','Buchnummer','Name','0% MwSt','19% MwSt',NULL,NULL,NULL,NULL,NULL),(462,54,'2','dortn','123','meyer','1','51','1111.111',NULL,NULL,NULL,NULL,NULL,'7% MwSt','Menge','Unterbringung','Buchnummer','Name','0% MwSt','19% MwSt',NULL,NULL,NULL,NULL,NULL),(463,54,'3','drüben','321','müller','2','12','2',NULL,NULL,NULL,NULL,NULL,'7% MwSt','Menge','Unterbringung','Buchnummer','Name','0% MwSt','19% MwSt',NULL,NULL,NULL,NULL,NULL),(464,54,'4','drunten','213','eder','333.44','123','1',NULL,NULL,NULL,NULL,NULL,'7% MwSt','Menge','Unterbringung','Buchnummer','Name','0% MwSt','19% MwSt',NULL,NULL,NULL,NULL,NULL),(465,54,'1','hinten','123123','dünn','123','123','1',NULL,NULL,NULL,NULL,NULL,'7% MwSt','Menge','Unterbringung','Buchnummer','Name','0% MwSt','19% MwSt',NULL,NULL,NULL,NULL,NULL),(466,54,'Gesamt:','','','','=SUM(e1:e3)','=SUM(f1:f3)','=SUM(g1:g3)',NULL,NULL,NULL,NULL,NULL,'7% MwSt','Menge','Unterbringung','Buchnummer','Name','0% MwSt','19% MwSt',NULL,NULL,NULL,NULL,NULL),(467,55,'2','dortn','123','meyer','1','51','1111.111',NULL,NULL,NULL,NULL,NULL,'7% MwSt','Menge','Unterbringung','Buchnummer','Name','0% MwSt','19% MwSt',NULL,NULL,NULL,NULL,NULL),(468,55,'3','drüben','321','müller','2','12','2',NULL,NULL,NULL,NULL,NULL,'7% MwSt','Menge','Unterbringung','Buchnummer','Name','0% MwSt','19% MwSt',NULL,NULL,NULL,NULL,NULL),(469,55,'4','drunten','213','eder','333.44','123','1',NULL,NULL,NULL,NULL,NULL,'7% MwSt','Menge','Unterbringung','Buchnummer','Name','0% MwSt','19% MwSt',NULL,NULL,NULL,NULL,NULL),(470,55,'1','hinten','123123','dünn','123','123','1',NULL,NULL,NULL,NULL,NULL,'7% MwSt','Menge','Unterbringung','Buchnummer','Name','0% MwSt','19% MwSt',NULL,NULL,NULL,NULL,NULL),(471,55,'Gesamt:','','','','=SUM(e1:e3)','=SUM(f1:f3)','=SUM(g1:g3)',NULL,NULL,NULL,NULL,NULL,'7% MwSt','Menge','Unterbringung','Buchnummer','Name','0% MwSt','19% MwSt',NULL,NULL,NULL,NULL,NULL),(472,56,'2','dortn','123','meyer','1','51','1111.111',NULL,NULL,NULL,NULL,NULL,'7% MwSt','Menge','Unterbringung','Buchnummer','Name','0% MwSt','19% MwSt',NULL,NULL,NULL,NULL,NULL),(473,56,'3','drüben','321','müller','2','12','2',NULL,NULL,NULL,NULL,NULL,'7% MwSt','Menge','Unterbringung','Buchnummer','Name','0% MwSt','19% MwSt',NULL,NULL,NULL,NULL,NULL),(474,56,'4','drunten','213','eder','333.44','123','1',NULL,NULL,NULL,NULL,NULL,'7% MwSt','Menge','Unterbringung','Buchnummer','Name','0% MwSt','19% MwSt',NULL,NULL,NULL,NULL,NULL),(475,56,'1','hinten','123123','dünn','123','123','1',NULL,NULL,NULL,NULL,NULL,'7% MwSt','Menge','Unterbringung','Buchnummer','Name','0% MwSt','19% MwSt',NULL,NULL,NULL,NULL,NULL),(476,56,'Gesamt:','','','','=SUM(e1:e3)','=SUM(f1:f3)','=SUM(g1:g3)',NULL,NULL,NULL,NULL,NULL,'7% MwSt','Menge','Unterbringung','Buchnummer','Name','0% MwSt','19% MwSt',NULL,NULL,NULL,NULL,NULL),(477,57,'2','dortn','123','meyer','1','51','1111.111',NULL,NULL,NULL,NULL,NULL,'7% MwSt','Menge','Unterbringung','Buchnummer','Name','0% MwSt','19% MwSt',NULL,NULL,NULL,NULL,NULL),(478,57,'3','drüben','321','müller','2','12','2',NULL,NULL,NULL,NULL,NULL,'7% MwSt','Menge','Unterbringung','Buchnummer','Name','0% MwSt','19% MwSt',NULL,NULL,NULL,NULL,NULL),(479,57,'4','drunten','213','eder','333.44','123','1',NULL,NULL,NULL,NULL,NULL,'7% MwSt','Menge','Unterbringung','Buchnummer','Name','0% MwSt','19% MwSt',NULL,NULL,NULL,NULL,NULL),(480,57,'1','hinten','123123','dünn','123','123','1',NULL,NULL,NULL,NULL,NULL,'7% MwSt','Menge','Unterbringung','Buchnummer','Name','0% MwSt','19% MwSt',NULL,NULL,NULL,NULL,NULL),(481,57,'Gesamt:','','','','=SUM(e1:e3)','=SUM(f1:f3)','=SUM(g1:g3)',NULL,NULL,NULL,NULL,NULL,'7% MwSt','Menge','Unterbringung','Buchnummer','Name','0% MwSt','19% MwSt',NULL,NULL,NULL,NULL,NULL),(482,58,'2','dortn','123','meyer','1','51','1111.111',NULL,NULL,NULL,NULL,NULL,'7% MwSt','Menge','Unterbringung','Buchnummer','Name','0% MwSt','19% MwSt',NULL,NULL,NULL,NULL,NULL),(483,58,'3','drüben','321','müller','2','12','2',NULL,NULL,NULL,NULL,NULL,'7% MwSt','Menge','Unterbringung','Buchnummer','Name','0% MwSt','19% MwSt',NULL,NULL,NULL,NULL,NULL),(484,58,'4','drunten','213','eder','333.44','123','1',NULL,NULL,NULL,NULL,NULL,'7% MwSt','Menge','Unterbringung','Buchnummer','Name','0% MwSt','19% MwSt',NULL,NULL,NULL,NULL,NULL),(485,58,'1','hinten','123123','dünn','123','123','1',NULL,NULL,NULL,NULL,NULL,'7% MwSt','Menge','Unterbringung','Buchnummer','Name','0% MwSt','19% MwSt',NULL,NULL,NULL,NULL,NULL),(486,58,'Gesamt:','','','','=SUM(e1:e3)','=SUM(f1:f3)','=SUM(g1:g3)',NULL,NULL,NULL,NULL,NULL,'7% MwSt','Menge','Unterbringung','Buchnummer','Name','0% MwSt','19% MwSt',NULL,NULL,NULL,NULL,NULL),(487,59,'2','dortn','123','meyer','1','51','1111.111',NULL,NULL,NULL,NULL,NULL,'7% MwSt','Menge','Unterbringung','Buchnummer','Name','0% MwSt','19% MwSt',NULL,NULL,NULL,NULL,NULL),(488,59,'3','drüben','321','müller','2','12','2',NULL,NULL,NULL,NULL,NULL,'7% MwSt','Menge','Unterbringung','Buchnummer','Name','0% MwSt','19% MwSt',NULL,NULL,NULL,NULL,NULL),(489,59,'4','drunten','213','eder','333.44','123','1',NULL,NULL,NULL,NULL,NULL,'7% MwSt','Menge','Unterbringung','Buchnummer','Name','0% MwSt','19% MwSt',NULL,NULL,NULL,NULL,NULL),(490,59,'1','hinten','123123','dünn','123','123','1',NULL,NULL,NULL,NULL,NULL,'7% MwSt','Menge','Unterbringung','Buchnummer','Name','0% MwSt','19% MwSt',NULL,NULL,NULL,NULL,NULL),(491,59,'Gesamt:','','','','=SUM(e1:e3)','=SUM(f1:f3)','=SUM(g1:g3)',NULL,NULL,NULL,NULL,NULL,'7% MwSt','Menge','Unterbringung','Buchnummer','Name','0% MwSt','19% MwSt',NULL,NULL,NULL,NULL,NULL),(492,60,'2','dortn','123','meyer','1','51','1111.111',NULL,NULL,NULL,NULL,NULL,'7% MwSt','Menge','Unterbringung','Buchnummer','Name','0% MwSt','19% MwSt',NULL,NULL,NULL,NULL,NULL),(493,60,'3','drüben','321','müller','2','12','2',NULL,NULL,NULL,NULL,NULL,'7% MwSt','Menge','Unterbringung','Buchnummer','Name','0% MwSt','19% MwSt',NULL,NULL,NULL,NULL,NULL),(494,60,'4','drunten','213','eder','333.44','123','1',NULL,NULL,NULL,NULL,NULL,'7% MwSt','Menge','Unterbringung','Buchnummer','Name','0% MwSt','19% MwSt',NULL,NULL,NULL,NULL,NULL),(495,60,'1','hinten','123123','dünn','123','123','1',NULL,NULL,NULL,NULL,NULL,'7% MwSt','Menge','Unterbringung','Buchnummer','Name','0% MwSt','19% MwSt',NULL,NULL,NULL,NULL,NULL),(496,60,'Gesamt:','','','','=SUM(e1:e3)','=SUM(f1:f3)','=SUM(g1:g3)',NULL,NULL,NULL,NULL,NULL,'7% MwSt','Menge','Unterbringung','Buchnummer','Name','0% MwSt','19% MwSt',NULL,NULL,NULL,NULL,NULL),(497,61,'2','dortn','123','meyer','1','51','1111.111',NULL,NULL,NULL,NULL,NULL,'7% MwSt','Menge','Unterbringung','Buchnummer','Name','0% MwSt','19% MwSt',NULL,NULL,NULL,NULL,NULL),(498,61,'3','drüben','321','müller','2','12','2',NULL,NULL,NULL,NULL,NULL,'7% MwSt','Menge','Unterbringung','Buchnummer','Name','0% MwSt','19% MwSt',NULL,NULL,NULL,NULL,NULL),(499,61,'4','drunten','213','eder','333.44','123','1',NULL,NULL,NULL,NULL,NULL,'7% MwSt','Menge','Unterbringung','Buchnummer','Name','0% MwSt','19% MwSt',NULL,NULL,NULL,NULL,NULL),(500,61,'1','hinten','123123','dünn','123','123','1',NULL,NULL,NULL,NULL,NULL,'7% MwSt','Menge','Unterbringung','Buchnummer','Name','0% MwSt','19% MwSt',NULL,NULL,NULL,NULL,NULL),(501,61,'Gesamt:','','','','=SUM(e1:e3)','=SUM(f1:f3)','=SUM(g1:g3)',NULL,NULL,NULL,NULL,NULL,'7% MwSt','Menge','Unterbringung','Buchnummer','Name','0% MwSt','19% MwSt',NULL,NULL,NULL,NULL,NULL),(502,62,'2','dortn','123','meyer','1','51','1111.111',NULL,NULL,NULL,NULL,NULL,'7% MwSt','Menge','Unterbringung','Buchnummer','Name','0% MwSt','19% MwSt',NULL,NULL,NULL,NULL,NULL),(503,62,'3','drüben','321','müller','2','12','2',NULL,NULL,NULL,NULL,NULL,'7% MwSt','Menge','Unterbringung','Buchnummer','Name','0% MwSt','19% MwSt',NULL,NULL,NULL,NULL,NULL),(504,62,'4','drunten','213','eder','333.44','123','1',NULL,NULL,NULL,NULL,NULL,'7% MwSt','Menge','Unterbringung','Buchnummer','Name','0% MwSt','19% MwSt',NULL,NULL,NULL,NULL,NULL),(505,62,'1','hinten','123123','dünn','123','123','1',NULL,NULL,NULL,NULL,NULL,'7% MwSt','Menge','Unterbringung','Buchnummer','Name','0% MwSt','19% MwSt',NULL,NULL,NULL,NULL,NULL),(506,62,'Gesamt:','','','','=SUM(e1:e3)','=SUM(f1:f3)','=SUM(g1:g3)',NULL,NULL,NULL,NULL,NULL,'7% MwSt','Menge','Unterbringung','Buchnummer','Name','0% MwSt','19% MwSt',NULL,NULL,NULL,NULL,NULL),(507,63,'2','dortn','123','meyer','1','51','1111.111',NULL,NULL,NULL,NULL,NULL,'7% MwSt','Menge','Unterbringung','Buchnummer','Name','0% MwSt','19% MwSt',NULL,NULL,NULL,NULL,NULL),(508,63,'3','drüben','321','müller','2','12','2',NULL,NULL,NULL,NULL,NULL,'7% MwSt','Menge','Unterbringung','Buchnummer','Name','0% MwSt','19% MwSt',NULL,NULL,NULL,NULL,NULL),(509,63,'4','drunten','213','eder','333.44','123','1',NULL,NULL,NULL,NULL,NULL,'7% MwSt','Menge','Unterbringung','Buchnummer','Name','0% MwSt','19% MwSt',NULL,NULL,NULL,NULL,NULL),(510,63,'1','hinten','123123','dünn','123','123','1',NULL,NULL,NULL,NULL,NULL,'7% MwSt','Menge','Unterbringung','Buchnummer','Name','0% MwSt','19% MwSt',NULL,NULL,NULL,NULL,NULL),(511,63,'Gesamt:','','','','=SUM(e1:e3)','=SUM(f1:f3)','=SUM(g1:g3)',NULL,NULL,NULL,NULL,NULL,'7% MwSt','Menge','Unterbringung','Buchnummer','Name','0% MwSt','19% MwSt',NULL,NULL,NULL,NULL,NULL),(512,64,'2','dortn','123','meyer','1','51','1111.111',NULL,NULL,NULL,NULL,NULL,'7% MwSt','Menge','Unterbringung','Buchnummer','Name','0% MwSt','19% MwSt',NULL,NULL,NULL,NULL,NULL),(513,64,'3','drüben','321','müller','2','12','2',NULL,NULL,NULL,NULL,NULL,'7% MwSt','Menge','Unterbringung','Buchnummer','Name','0% MwSt','19% MwSt',NULL,NULL,NULL,NULL,NULL),(514,64,'4','drunten','213','eder','333.44','123','1',NULL,NULL,NULL,NULL,NULL,'7% MwSt','Menge','Unterbringung','Buchnummer','Name','0% MwSt','19% MwSt',NULL,NULL,NULL,NULL,NULL),(515,64,'1','hinten','123123','dünn','123','123','1',NULL,NULL,NULL,NULL,NULL,'7% MwSt','Menge','Unterbringung','Buchnummer','Name','0% MwSt','19% MwSt',NULL,NULL,NULL,NULL,NULL),(516,64,'Gesamt:','','','','=SUM(e1:e3)','=SUM(f1:f3)','=SUM(g1:g3)',NULL,NULL,NULL,NULL,NULL,'7% MwSt','Menge','Unterbringung','Buchnummer','Name','0% MwSt','19% MwSt',NULL,NULL,NULL,NULL,NULL),(517,65,'2','dortn','123','meyer','1','51','1111.111',NULL,NULL,NULL,NULL,NULL,'7% MwSt','Menge','Unterbringung','Buchnummer','Name','0% MwSt','19% MwSt',NULL,NULL,NULL,NULL,NULL),(518,65,'3','drüben','321','müller','2','12','2',NULL,NULL,NULL,NULL,NULL,'7% MwSt','Menge','Unterbringung','Buchnummer','Name','0% MwSt','19% MwSt',NULL,NULL,NULL,NULL,NULL),(519,65,'4','drunten','213','eder','333.44','123','1',NULL,NULL,NULL,NULL,NULL,'7% MwSt','Menge','Unterbringung','Buchnummer','Name','0% MwSt','19% MwSt',NULL,NULL,NULL,NULL,NULL),(520,65,'1','hinten','123123','dünn','123','123','1',NULL,NULL,NULL,NULL,NULL,'7% MwSt','Menge','Unterbringung','Buchnummer','Name','0% MwSt','19% MwSt',NULL,NULL,NULL,NULL,NULL),(521,65,'Gesamt:','','','','=SUM(e1:e3)','=SUM(f1:f3)','=SUM(g1:g3)',NULL,NULL,NULL,NULL,NULL,'7% MwSt','Menge','Unterbringung','Buchnummer','Name','0% MwSt','19% MwSt',NULL,NULL,NULL,NULL,NULL),(522,66,'2','dortn','123','meyer','1','51','1111.111',NULL,NULL,NULL,NULL,NULL,'7% MwSt','Menge','Unterbringung','Buchnummer','Name','0% MwSt','19% MwSt',NULL,NULL,NULL,NULL,NULL),(523,66,'3','drüben','321','müller','2','12','2',NULL,NULL,NULL,NULL,NULL,'7% MwSt','Menge','Unterbringung','Buchnummer','Name','0% MwSt','19% MwSt',NULL,NULL,NULL,NULL,NULL),(524,66,'4','drunten','213','eder','333.44','123','1',NULL,NULL,NULL,NULL,NULL,'7% MwSt','Menge','Unterbringung','Buchnummer','Name','0% MwSt','19% MwSt',NULL,NULL,NULL,NULL,NULL),(525,66,'1','hinten','123123','dünn','123','123','1',NULL,NULL,NULL,NULL,NULL,'7% MwSt','Menge','Unterbringung','Buchnummer','Name','0% MwSt','19% MwSt',NULL,NULL,NULL,NULL,NULL),(526,66,'Gesamt:','','','','=SUM(e1:e3)','=SUM(f1:f3)','=SUM(g1:g3)',NULL,NULL,NULL,NULL,NULL,'7% MwSt','Menge','Unterbringung','Buchnummer','Name','0% MwSt','19% MwSt',NULL,NULL,NULL,NULL,NULL),(527,67,'2','dortn','123','meyer','1','51','1111.111',NULL,NULL,NULL,NULL,NULL,'7% MwSt','Menge','Unterbringung','Buchnummer','Name','0% MwSt','19% MwSt',NULL,NULL,NULL,NULL,NULL),(528,67,'3','drüben','321','müller','2','12','2',NULL,NULL,NULL,NULL,NULL,'7% MwSt','Menge','Unterbringung','Buchnummer','Name','0% MwSt','19% MwSt',NULL,NULL,NULL,NULL,NULL),(529,67,'4','drunten','213','eder','333.44','123','1',NULL,NULL,NULL,NULL,NULL,'7% MwSt','Menge','Unterbringung','Buchnummer','Name','0% MwSt','19% MwSt',NULL,NULL,NULL,NULL,NULL),(530,67,'1','hinten','123123','dünn','123','123','1',NULL,NULL,NULL,NULL,NULL,'7% MwSt','Menge','Unterbringung','Buchnummer','Name','0% MwSt','19% MwSt',NULL,NULL,NULL,NULL,NULL),(531,67,'Gesamt:','','','','=SUM(e1:e3)','=SUM(f1:f3)','=SUM(g1:g3)',NULL,NULL,NULL,NULL,NULL,'7% MwSt','Menge','Unterbringung','Buchnummer','Name','0% MwSt','19% MwSt',NULL,NULL,NULL,NULL,NULL),(532,68,'2','dortn','123','meyer','1','51','1111.111',NULL,NULL,NULL,NULL,NULL,'7% MwSt','Menge','Unterbringung','Buchnummer','Name','0% MwSt','19% MwSt',NULL,NULL,NULL,NULL,NULL),(533,68,'3','drüben','321','müller','2','12','2',NULL,NULL,NULL,NULL,NULL,'7% MwSt','Menge','Unterbringung','Buchnummer','Name','0% MwSt','19% MwSt',NULL,NULL,NULL,NULL,NULL),(534,68,'4','drunten','213','eder','333.44','123','1',NULL,NULL,NULL,NULL,NULL,'7% MwSt','Menge','Unterbringung','Buchnummer','Name','0% MwSt','19% MwSt',NULL,NULL,NULL,NULL,NULL),(535,68,'1','hinten','123123','dünn','123','123','1',NULL,NULL,NULL,NULL,NULL,'7% MwSt','Menge','Unterbringung','Buchnummer','Name','0% MwSt','19% MwSt',NULL,NULL,NULL,NULL,NULL),(536,68,'Gesamt:','','','','=SUM(e1:e3)','=SUM(f1:f3)','=SUM(g1:g3)',NULL,NULL,NULL,NULL,NULL,'7% MwSt','Menge','Unterbringung','Buchnummer','Name','0% MwSt','19% MwSt',NULL,NULL,NULL,NULL,NULL),(537,69,'2','dortn','123','meyer','1','51','1111.111',NULL,NULL,NULL,NULL,NULL,'7% MwSt','Menge','Unterbringung','Buchnummer','Name','0% MwSt','19% MwSt',NULL,NULL,NULL,NULL,NULL),(538,69,'3','drüben','321','müller','2','12','2',NULL,NULL,NULL,NULL,NULL,'7% MwSt','Menge','Unterbringung','Buchnummer','Name','0% MwSt','19% MwSt',NULL,NULL,NULL,NULL,NULL),(539,69,'4','drunten','213','eder','333.44','123','1',NULL,NULL,NULL,NULL,NULL,'7% MwSt','Menge','Unterbringung','Buchnummer','Name','0% MwSt','19% MwSt',NULL,NULL,NULL,NULL,NULL),(540,69,'1','hinten','123123','dünn','123','123','1',NULL,NULL,NULL,NULL,NULL,'7% MwSt','Menge','Unterbringung','Buchnummer','Name','0% MwSt','19% MwSt',NULL,NULL,NULL,NULL,NULL),(541,69,'Gesamt:','','','','=SUM(e1:e3)','=SUM(f1:f3)','=SUM(g1:g3)',NULL,NULL,NULL,NULL,NULL,'7% MwSt','Menge','Unterbringung','Buchnummer','Name','0% MwSt','19% MwSt',NULL,NULL,NULL,NULL,NULL),(542,70,'2','dortn','123','meyer','1','51','1111.111',NULL,NULL,NULL,NULL,NULL,'7% MwSt','Menge','Unterbringung','Buchnummer','Name','0% MwSt','19% MwSt',NULL,NULL,NULL,NULL,NULL),(543,70,'3','drüben','321','müller','2','12','2',NULL,NULL,NULL,NULL,NULL,'7% MwSt','Menge','Unterbringung','Buchnummer','Name','0% MwSt','19% MwSt',NULL,NULL,NULL,NULL,NULL),(544,70,'4','drunten','213','eder','333.44','123','1',NULL,NULL,NULL,NULL,NULL,'7% MwSt','Menge','Unterbringung','Buchnummer','Name','0% MwSt','19% MwSt',NULL,NULL,NULL,NULL,NULL),(545,70,'1','hinten','123123','dünn','123','123','1',NULL,NULL,NULL,NULL,NULL,'7% MwSt','Menge','Unterbringung','Buchnummer','Name','0% MwSt','19% MwSt',NULL,NULL,NULL,NULL,NULL),(546,70,'Gesamt:','','','','=SUM(e1:e3)','=SUM(f1:f3)','=SUM(g1:g3)',NULL,NULL,NULL,NULL,NULL,'7% MwSt','Menge','Unterbringung','Buchnummer','Name','0% MwSt','19% MwSt',NULL,NULL,NULL,NULL,NULL),(547,71,'2','dortn','123','meyer','1','51','1111.111',NULL,NULL,NULL,NULL,NULL,'7% MwSt','Menge','Unterbringung','Buchnummer','Name','0% MwSt','19% MwSt',NULL,NULL,NULL,NULL,NULL),(548,71,'3','drüben','321','müller','2','12','2',NULL,NULL,NULL,NULL,NULL,'7% MwSt','Menge','Unterbringung','Buchnummer','Name','0% MwSt','19% MwSt',NULL,NULL,NULL,NULL,NULL),(549,71,'4','drunten','213','eder','333.44','123','1',NULL,NULL,NULL,NULL,NULL,'7% MwSt','Menge','Unterbringung','Buchnummer','Name','0% MwSt','19% MwSt',NULL,NULL,NULL,NULL,NULL),(550,71,'1','hinten','123123','dünn','123','123','1',NULL,NULL,NULL,NULL,NULL,'7% MwSt','Menge','Unterbringung','Buchnummer','Name','0% MwSt','19% MwSt',NULL,NULL,NULL,NULL,NULL),(551,71,'Gesamt:','','','','=SUM(e1:e4)','=SUM(f1:f4)','=SUM(g1:g4)',NULL,NULL,NULL,NULL,NULL,'7% MwSt','Menge','Unterbringung','Buchnummer','Name','0% MwSt','19% MwSt',NULL,NULL,NULL,NULL,NULL),(552,72,'2','dortn','123','meyer','1','51','1111.111',NULL,NULL,NULL,NULL,NULL,'7% MwSt','Menge','Unterbringung','Buchnummer','Name','0% MwSt','19% MwSt',NULL,NULL,NULL,NULL,NULL),(553,72,'3','drüben','321','müller','2','12','2',NULL,NULL,NULL,NULL,NULL,'7% MwSt','Menge','Unterbringung','Buchnummer','Name','0% MwSt','19% MwSt',NULL,NULL,NULL,NULL,NULL),(554,72,'4','drunten','213','eder','333.44','123','1',NULL,NULL,NULL,NULL,NULL,'7% MwSt','Menge','Unterbringung','Buchnummer','Name','0% MwSt','19% MwSt',NULL,NULL,NULL,NULL,NULL),(555,72,'1','hinten','123123','dünn','123','123','1',NULL,NULL,NULL,NULL,NULL,'7% MwSt','Menge','Unterbringung','Buchnummer','Name','0% MwSt','19% MwSt',NULL,NULL,NULL,NULL,NULL),(556,72,'Gesamt:','','','','=SUM(e1:e4)','=SUM(f1:f4)','=SUM(g1:g4)',NULL,NULL,NULL,NULL,NULL,'7% MwSt','Menge','Unterbringung','Buchnummer','Name','0% MwSt','19% MwSt',NULL,NULL,NULL,NULL,NULL),(557,73,'2','dortn','123','meyer','1','51','1111.111',NULL,NULL,NULL,NULL,NULL,'7% MwSt','Menge','Unterbringung','Buchnummer','Name','0% MwSt','19% MwSt',NULL,NULL,NULL,NULL,NULL),(558,73,'3','drüben','321','müller','2','12','2',NULL,NULL,NULL,NULL,NULL,'7% MwSt','Menge','Unterbringung','Buchnummer','Name','0% MwSt','19% MwSt',NULL,NULL,NULL,NULL,NULL),(559,73,'4','drunten','213','eder','333.44','123','1',NULL,NULL,NULL,NULL,NULL,'7% MwSt','Menge','Unterbringung','Buchnummer','Name','0% MwSt','19% MwSt',NULL,NULL,NULL,NULL,NULL),(560,73,'1','hinten','123123','dünn','123','123','1',NULL,NULL,NULL,NULL,NULL,'7% MwSt','Menge','Unterbringung','Buchnummer','Name','0% MwSt','19% MwSt',NULL,NULL,NULL,NULL,NULL),(561,73,'Gesamt:','','','','=SUM(e1:e4)','=SUM(f1:f4)','=SUM(g1:g4)',NULL,NULL,NULL,NULL,NULL,'7% MwSt','Menge','Unterbringung','Buchnummer','Name','0% MwSt','19% MwSt',NULL,NULL,NULL,NULL,NULL),(562,74,'2','dortn','123','meyer','1','51','1111.111',NULL,NULL,NULL,NULL,NULL,'7% MwSt','Menge','Unterbringung','Buchnummer','Name','0% MwSt','19% MwSt',NULL,NULL,NULL,NULL,NULL),(563,74,'3','drüben','321','müller','2','12','2',NULL,NULL,NULL,NULL,NULL,'7% MwSt','Menge','Unterbringung','Buchnummer','Name','0% MwSt','19% MwSt',NULL,NULL,NULL,NULL,NULL),(564,74,'4','drunten','213','eder','333.44','123','1',NULL,NULL,NULL,NULL,NULL,'7% MwSt','Menge','Unterbringung','Buchnummer','Name','0% MwSt','19% MwSt',NULL,NULL,NULL,NULL,NULL),(565,74,'1','hinten','123123','dünn','123','123','1',NULL,NULL,NULL,NULL,NULL,'7% MwSt','Menge','Unterbringung','Buchnummer','Name','0% MwSt','19% MwSt',NULL,NULL,NULL,NULL,NULL),(566,74,'Gesamt:','','','','=SUM(e1:e4)','=SUM(f1:f4)','=SUM(g1:g4)',NULL,NULL,NULL,NULL,NULL,'7% MwSt','Menge','Unterbringung','Buchnummer','Name','0% MwSt','19% MwSt',NULL,NULL,NULL,NULL,NULL),(567,75,'2','dortn','123','meyer','1','51','1111.111',NULL,NULL,NULL,NULL,NULL,'7% MwSt','Menge','Unterbringung','Buchnummer','Name','0% MwSt','19% MwSt',NULL,NULL,NULL,NULL,NULL),(568,75,'3','drüben','321','müller','2','12','2',NULL,NULL,NULL,NULL,NULL,'7% MwSt','Menge','Unterbringung','Buchnummer','Name','0% MwSt','19% MwSt',NULL,NULL,NULL,NULL,NULL),(569,75,'4','drunten','213','eder','333.44','123','1',NULL,NULL,NULL,NULL,NULL,'7% MwSt','Menge','Unterbringung','Buchnummer','Name','0% MwSt','19% MwSt',NULL,NULL,NULL,NULL,NULL),(570,75,'1','hinten','123123','dünn','123','123','1',NULL,NULL,NULL,NULL,NULL,'7% MwSt','Menge','Unterbringung','Buchnummer','Name','0% MwSt','19% MwSt',NULL,NULL,NULL,NULL,NULL),(571,75,'Gesamt:','','','','=SUM(e1:e4)','=SUM(f1:f4)','=SUM(g1:g4)',NULL,NULL,NULL,NULL,NULL,'7% MwSt','Menge','Unterbringung','Buchnummer','Name','0% MwSt','19% MwSt',NULL,NULL,NULL,NULL,NULL),(572,76,'2','dortn','123','meyer','1','51','1111.111',NULL,NULL,NULL,NULL,NULL,'7% MwSt','Menge','Unterbringung','Buchnummer','Name','0% MwSt','19% MwSt',NULL,NULL,NULL,NULL,NULL),(573,76,'3','drüben','321','müller','2','12','2',NULL,NULL,NULL,NULL,NULL,'7% MwSt','Menge','Unterbringung','Buchnummer','Name','0% MwSt','19% MwSt',NULL,NULL,NULL,NULL,NULL),(574,76,'4','drunten','213','eder','333.44','123','1',NULL,NULL,NULL,NULL,NULL,'7% MwSt','Menge','Unterbringung','Buchnummer','Name','0% MwSt','19% MwSt',NULL,NULL,NULL,NULL,NULL),(575,76,'1','hinten','123123','dünn','123','123','1',NULL,NULL,NULL,NULL,NULL,'7% MwSt','Menge','Unterbringung','Buchnummer','Name','0% MwSt','19% MwSt',NULL,NULL,NULL,NULL,NULL),(576,76,'Gesamt:','','','','=SUM(e1:e4)','=SUM(f1:f4)','=SUM(g1:g4)',NULL,NULL,NULL,NULL,NULL,'7% MwSt','Menge','Unterbringung','Buchnummer','Name','0% MwSt','19% MwSt',NULL,NULL,NULL,NULL,NULL),(577,77,'2','dortn','123','meyer','1','51','1111.111',NULL,NULL,NULL,NULL,NULL,'7% MwSt','Menge','Unterbringung','Buchnummer','Name','0% MwSt','19% MwSt',NULL,NULL,NULL,NULL,NULL),(578,77,'3','drüben','321','müller','2','12','2',NULL,NULL,NULL,NULL,NULL,'7% MwSt','Menge','Unterbringung','Buchnummer','Name','0% MwSt','19% MwSt',NULL,NULL,NULL,NULL,NULL),(579,77,'4','drunten','213','eder','333.44','123','1',NULL,NULL,NULL,NULL,NULL,'7% MwSt','Menge','Unterbringung','Buchnummer','Name','0% MwSt','19% MwSt',NULL,NULL,NULL,NULL,NULL),(580,77,'1','hinten','123123','dünn','123','123','1',NULL,NULL,NULL,NULL,NULL,'7% MwSt','Menge','Unterbringung','Buchnummer','Name','0% MwSt','19% MwSt',NULL,NULL,NULL,NULL,NULL),(581,77,'Gesamt:','','','','=SUM(e1:e4)','=SUM(f1:f4)','=SUM(g1:g4)',NULL,NULL,NULL,NULL,NULL,'7% MwSt','Menge','Unterbringung','Buchnummer','Name','0% MwSt','19% MwSt',NULL,NULL,NULL,NULL,NULL),(582,78,'2','dortn','123','meyer','1','51','1111.111',NULL,NULL,NULL,NULL,NULL,'7% MwSt','Menge','Unterbringung','Buchnummer','Name','0% MwSt','19% MwSt',NULL,NULL,NULL,NULL,NULL),(583,78,'3','drüben','321','müller','2','12','2',NULL,NULL,NULL,NULL,NULL,'7% MwSt','Menge','Unterbringung','Buchnummer','Name','0% MwSt','19% MwSt',NULL,NULL,NULL,NULL,NULL),(584,78,'4','drunten','213','eder','333.44','123','1',NULL,NULL,NULL,NULL,NULL,'7% MwSt','Menge','Unterbringung','Buchnummer','Name','0% MwSt','19% MwSt',NULL,NULL,NULL,NULL,NULL),(585,78,'1','hinten','123123','dünn','123','123','1',NULL,NULL,NULL,NULL,NULL,'7% MwSt','Menge','Unterbringung','Buchnummer','Name','0% MwSt','19% MwSt',NULL,NULL,NULL,NULL,NULL),(586,78,'Gesamt:','','','','=SUM(e1:e4)','=SUM(f1:f4)','=SUM(g1:g4)',NULL,NULL,NULL,NULL,NULL,'7% MwSt','Menge','Unterbringung','Buchnummer','Name','0% MwSt','19% MwSt',NULL,NULL,NULL,NULL,NULL),(587,79,'2','dortn','123','meyer','1','51','1111.111',NULL,NULL,NULL,NULL,NULL,'7% MwSt','Menge','Unterbringung','Buchnummer','Name','0% MwSt','19% MwSt',NULL,NULL,NULL,NULL,NULL),(588,79,'3','drüben','321','müller','2','12','2',NULL,NULL,NULL,NULL,NULL,'7% MwSt','Menge','Unterbringung','Buchnummer','Name','0% MwSt','19% MwSt',NULL,NULL,NULL,NULL,NULL),(589,79,'4','drunten','213','eder','333.44','123','1',NULL,NULL,NULL,NULL,NULL,'7% MwSt','Menge','Unterbringung','Buchnummer','Name','0% MwSt','19% MwSt',NULL,NULL,NULL,NULL,NULL),(590,79,'1','hinten','123123','dünn','123','123','1',NULL,NULL,NULL,NULL,NULL,'7% MwSt','Menge','Unterbringung','Buchnummer','Name','0% MwSt','19% MwSt',NULL,NULL,NULL,NULL,NULL),(591,79,'Gesamt:','','','','=SUM(e1:e4)','=SUM(f1:f4)','=SUM(g1:g4)',NULL,NULL,NULL,NULL,NULL,'7% MwSt','Menge','Unterbringung','Buchnummer','Name','0% MwSt','19% MwSt',NULL,NULL,NULL,NULL,NULL),(592,80,'2','dortn','123','meyer','1','51','1111.111',NULL,NULL,NULL,NULL,NULL,'7% MwSt','Menge','Unterbringung','Buchnummer','Name','0% MwSt','19% MwSt',NULL,NULL,NULL,NULL,NULL),(593,80,'3','drüben','321','müller','2','12','2',NULL,NULL,NULL,NULL,NULL,'7% MwSt','Menge','Unterbringung','Buchnummer','Name','0% MwSt','19% MwSt',NULL,NULL,NULL,NULL,NULL),(594,80,'4','drunten','213','eder','333.44','123','1',NULL,NULL,NULL,NULL,NULL,'7% MwSt','Menge','Unterbringung','Buchnummer','Name','0% MwSt','19% MwSt',NULL,NULL,NULL,NULL,NULL),(595,80,'1','hinten','123123','dünn','123','123','1',NULL,NULL,NULL,NULL,NULL,'7% MwSt','Menge','Unterbringung','Buchnummer','Name','0% MwSt','19% MwSt',NULL,NULL,NULL,NULL,NULL),(596,80,'Gesamt:','','','','=SUM(e1:e4)','=SUM(f1:f4)','=SUM(g1:g4)',NULL,NULL,NULL,NULL,NULL,'7% MwSt','Menge','Unterbringung','Buchnummer','Name','0% MwSt','19% MwSt',NULL,NULL,NULL,NULL,NULL),(597,81,'2','dortn','123','meyer','1','51','1111.111',NULL,NULL,NULL,NULL,NULL,'7% MwSt','Menge','Unterbringung','Buchnummer','Name','0% MwSt','19% MwSt',NULL,NULL,NULL,NULL,NULL),(598,81,'3','drüben','321','müller','2','12','2',NULL,NULL,NULL,NULL,NULL,'7% MwSt','Menge','Unterbringung','Buchnummer','Name','0% MwSt','19% MwSt',NULL,NULL,NULL,NULL,NULL),(599,81,'4','drunten','213','eder','333.44','123','1',NULL,NULL,NULL,NULL,NULL,'7% MwSt','Menge','Unterbringung','Buchnummer','Name','0% MwSt','19% MwSt',NULL,NULL,NULL,NULL,NULL),(600,81,'1','hinten','123123','dünn','123','123','1',NULL,NULL,NULL,NULL,NULL,'7% MwSt','Menge','Unterbringung','Buchnummer','Name','0% MwSt','19% MwSt',NULL,NULL,NULL,NULL,NULL),(601,81,'Gesamt:','','','','=SUM(e1:e4)','=SUM(f1:f4)','=SUM(g1:g4)',NULL,NULL,NULL,NULL,NULL,'7% MwSt','Menge','Unterbringung','Buchnummer','Name','0% MwSt','19% MwSt',NULL,NULL,NULL,NULL,NULL),(602,82,'2','dortn','123','meyer','1','51','1111.111',NULL,NULL,NULL,NULL,NULL,'7% MwSt','Menge','Unterbringung','Buchnummer','Name','0% MwSt','19% MwSt',NULL,NULL,NULL,NULL,NULL),(603,82,'3','drüben','321','müller','2','12','2',NULL,NULL,NULL,NULL,NULL,'7% MwSt','Menge','Unterbringung','Buchnummer','Name','0% MwSt','19% MwSt',NULL,NULL,NULL,NULL,NULL),(604,82,'4','drunten','213','eder','333.44','123','1',NULL,NULL,NULL,NULL,NULL,'7% MwSt','Menge','Unterbringung','Buchnummer','Name','0% MwSt','19% MwSt',NULL,NULL,NULL,NULL,NULL),(605,82,'1','hinten','123123','dünn','123','123','1',NULL,NULL,NULL,NULL,NULL,'7% MwSt','Menge','Unterbringung','Buchnummer','Name','0% MwSt','19% MwSt',NULL,NULL,NULL,NULL,NULL),(606,82,'Gesamt:','','','','=SUM(e1:e4)','=SUM(f1:f4)','=SUM(g1:g4)',NULL,NULL,NULL,NULL,NULL,'7% MwSt','Menge','Unterbringung','Buchnummer','Name','0% MwSt','19% MwSt',NULL,NULL,NULL,NULL,NULL),(607,83,'2','dortn','123','meyer','1','51','1111.111',NULL,NULL,NULL,NULL,NULL,'7% MwSt','Menge','Unterbringung','Buchnummer','Name','0% MwSt','19% MwSt',NULL,NULL,NULL,NULL,NULL),(608,83,'3','drüben','321','müller','2','12','2',NULL,NULL,NULL,NULL,NULL,'7% MwSt','Menge','Unterbringung','Buchnummer','Name','0% MwSt','19% MwSt',NULL,NULL,NULL,NULL,NULL),(609,83,'4','drunten','213','eder','333.44','123','1',NULL,NULL,NULL,NULL,NULL,'7% MwSt','Menge','Unterbringung','Buchnummer','Name','0% MwSt','19% MwSt',NULL,NULL,NULL,NULL,NULL),(610,83,'1','hinten','123123','dünn','123','123','1',NULL,NULL,NULL,NULL,NULL,'7% MwSt','Menge','Unterbringung','Buchnummer','Name','0% MwSt','19% MwSt',NULL,NULL,NULL,NULL,NULL),(611,83,'Gesamt:','','','','=SUM(e1:e4)','=SUM(f1:f4)','=SUM(g1:g4)',NULL,NULL,NULL,NULL,NULL,'7% MwSt','Menge','Unterbringung','Buchnummer','Name','0% MwSt','19% MwSt',NULL,NULL,NULL,NULL,NULL),(612,84,'2','dortn','123','meyer','1','51','1111.111',NULL,NULL,NULL,NULL,NULL,'7% MwSt','Menge','Unterbringung','Buchnummer','Name','0% MwSt','19% MwSt',NULL,NULL,NULL,NULL,NULL),(613,84,'3','drüben','321','müller','2','12','2',NULL,NULL,NULL,NULL,NULL,'7% MwSt','Menge','Unterbringung','Buchnummer','Name','0% MwSt','19% MwSt',NULL,NULL,NULL,NULL,NULL),(614,84,'4','drunten','213','eder','333.44','123','1',NULL,NULL,NULL,NULL,NULL,'7% MwSt','Menge','Unterbringung','Buchnummer','Name','0% MwSt','19% MwSt',NULL,NULL,NULL,NULL,NULL),(615,84,'1','hinten','123123','dünn','123','123','1',NULL,NULL,NULL,NULL,NULL,'7% MwSt','Menge','Unterbringung','Buchnummer','Name','0% MwSt','19% MwSt',NULL,NULL,NULL,NULL,NULL),(616,84,'Gesamt:','','','','=SUM(e1:e4)','=SUM(f1:f4)','=SUM(g1:g4)',NULL,NULL,NULL,NULL,NULL,'7% MwSt','Menge','Unterbringung','Buchnummer','Name','0% MwSt','19% MwSt',NULL,NULL,NULL,NULL,NULL),(617,85,'2','dortn','123','meyer','1','51','1111.111',NULL,NULL,NULL,NULL,NULL,'7% MwSt','Menge','Unterbringung','Buchnummer','Name','0% MwSt','19% MwSt',NULL,NULL,NULL,NULL,NULL),(618,85,'3','drüben','321','müller','2','12','2',NULL,NULL,NULL,NULL,NULL,'7% MwSt','Menge','Unterbringung','Buchnummer','Name','0% MwSt','19% MwSt',NULL,NULL,NULL,NULL,NULL),(619,85,'4','drunten','213','eder','333.44','123','1',NULL,NULL,NULL,NULL,NULL,'7% MwSt','Menge','Unterbringung','Buchnummer','Name','0% MwSt','19% MwSt',NULL,NULL,NULL,NULL,NULL),(620,85,'1','hinten','123123','dünn','123','123','1',NULL,NULL,NULL,NULL,NULL,'7% MwSt','Menge','Unterbringung','Buchnummer','Name','0% MwSt','19% MwSt',NULL,NULL,NULL,NULL,NULL),(621,85,'Gesamt:','','','','=SUM(e1:e4)','=SUM(f1:f4)','=SUM(g1:g4)',NULL,NULL,NULL,NULL,NULL,'7% MwSt','Menge','Unterbringung','Buchnummer','Name','0% MwSt','19% MwSt',NULL,NULL,NULL,NULL,NULL),(622,86,'2','dortn','123','meyer','1','51','1111.111',NULL,NULL,NULL,NULL,NULL,'7% MwSt','Menge','Unterbringung','Buchnummer','Name','0% MwSt','19% MwSt',NULL,NULL,NULL,NULL,NULL),(623,86,'3','drüben','321','müller','2','12','2',NULL,NULL,NULL,NULL,NULL,'7% MwSt','Menge','Unterbringung','Buchnummer','Name','0% MwSt','19% MwSt',NULL,NULL,NULL,NULL,NULL),(624,86,'4','drunten','213','eder','333.44','123','1',NULL,NULL,NULL,NULL,NULL,'7% MwSt','Menge','Unterbringung','Buchnummer','Name','0% MwSt','19% MwSt',NULL,NULL,NULL,NULL,NULL),(625,86,'1','hinten','123123','dünn','123','123','1',NULL,NULL,NULL,NULL,NULL,'7% MwSt','Menge','Unterbringung','Buchnummer','Name','0% MwSt','19% MwSt',NULL,NULL,NULL,NULL,NULL),(626,86,'Gesamt:','','','','=SUM(e1:e4)','=SUM(f1:f4)','=SUM(g1:g4)',NULL,NULL,NULL,NULL,NULL,'7% MwSt','Menge','Unterbringung','Buchnummer','Name','0% MwSt','19% MwSt',NULL,NULL,NULL,NULL,NULL),(627,87,'2','dortn','123','meyer','1','51','1111.111',NULL,NULL,NULL,NULL,NULL,'7% MwSt','Menge','Unterbringung','Buchnummer','Name','0% MwSt','19% MwSt',NULL,NULL,NULL,NULL,NULL),(628,87,'3','drüben','321','müller','2','12','2',NULL,NULL,NULL,NULL,NULL,'7% MwSt','Menge','Unterbringung','Buchnummer','Name','0% MwSt','19% MwSt',NULL,NULL,NULL,NULL,NULL),(629,87,'4','drunten','213','eder','333.44','123','1',NULL,NULL,NULL,NULL,NULL,'7% MwSt','Menge','Unterbringung','Buchnummer','Name','0% MwSt','19% MwSt',NULL,NULL,NULL,NULL,NULL),(630,87,'1','hinten','123123','dünn','123','123','1',NULL,NULL,NULL,NULL,NULL,'7% MwSt','Menge','Unterbringung','Buchnummer','Name','0% MwSt','19% MwSt',NULL,NULL,NULL,NULL,NULL),(631,87,'Gesamt:','','','','=SUM(e1:e4)','=SUM(f1:f4)','=SUM(g1:g4)',NULL,NULL,NULL,NULL,NULL,'7% MwSt','Menge','Unterbringung','Buchnummer','Name','0% MwSt','19% MwSt',NULL,NULL,NULL,NULL,NULL),(647,91,'2','dortn','123','meyer','1','51','1111.111',NULL,NULL,NULL,NULL,NULL,'7% MwSt','Menge','Unterbringung','Buchnummer','Name','0% MwSt','19% MwSt',NULL,NULL,NULL,NULL,NULL),(648,91,'3','drüben','321','müller','2','12','2',NULL,NULL,NULL,NULL,NULL,'7% MwSt','Menge','Unterbringung','Buchnummer','Name','0% MwSt','19% MwSt',NULL,NULL,NULL,NULL,NULL),(649,91,'4','drunten','213','eder','333.44','123','1',NULL,NULL,NULL,NULL,NULL,'7% MwSt','Menge','Unterbringung','Buchnummer','Name','0% MwSt','19% MwSt',NULL,NULL,NULL,NULL,NULL),(650,91,'1','hinten','123123','dünn','123','123','1',NULL,NULL,NULL,NULL,NULL,'7% MwSt','Menge','Unterbringung','Buchnummer','Name','0% MwSt','19% MwSt',NULL,NULL,NULL,NULL,NULL),(651,91,'Gesamt:','','','','=SUM(e1:e4)','=SUM(f1:f4)','=SUM(g1:g4)',NULL,NULL,NULL,NULL,NULL,'7% MwSt','Menge','Unterbringung','Buchnummer','Name','0% MwSt','19% MwSt',NULL,NULL,NULL,NULL,NULL),(652,92,'2','dortn','123','meyer','1','51','1111.111',NULL,NULL,NULL,NULL,NULL,'7% MwSt','Menge','Unterbringung','Buchnummer','Name','0% MwSt','19% MwSt',NULL,NULL,NULL,NULL,NULL),(653,92,'3','drüben','321','müller','2','12','2',NULL,NULL,NULL,NULL,NULL,'7% MwSt','Menge','Unterbringung','Buchnummer','Name','0% MwSt','19% MwSt',NULL,NULL,NULL,NULL,NULL),(654,92,'4','drunten','213','eder','333.44','123','1',NULL,NULL,NULL,NULL,NULL,'7% MwSt','Menge','Unterbringung','Buchnummer','Name','0% MwSt','19% MwSt',NULL,NULL,NULL,NULL,NULL),(655,92,'1','hinten','123123','dünn','123','123','1',NULL,NULL,NULL,NULL,NULL,'7% MwSt','Menge','Unterbringung','Buchnummer','Name','0% MwSt','19% MwSt',NULL,NULL,NULL,NULL,NULL),(656,92,'Gesamt:','','','','=SUM(e1:e4)','=SUM(f1:f4)','=SUM(g1:g4)',NULL,NULL,NULL,NULL,NULL,'7% MwSt','Menge','Unterbringung','Buchnummer','Name','0% MwSt','19% MwSt',NULL,NULL,NULL,NULL,NULL),(657,93,'2','dortn','123','meyer','1','51','1111.111',NULL,NULL,NULL,NULL,NULL,'7% MwSt','Menge','Unterbringung','Buchnummer','Name','0% MwSt','19% MwSt',NULL,NULL,NULL,NULL,NULL),(658,93,'3','drüben','321','müller','2','12','2',NULL,NULL,NULL,NULL,NULL,'7% MwSt','Menge','Unterbringung','Buchnummer','Name','0% MwSt','19% MwSt',NULL,NULL,NULL,NULL,NULL),(659,93,'4','drunten','213','eder','333.44','123','1',NULL,NULL,NULL,NULL,NULL,'7% MwSt','Menge','Unterbringung','Buchnummer','Name','0% MwSt','19% MwSt',NULL,NULL,NULL,NULL,NULL),(660,93,'1','hinten','123123','dünn','123','123','1',NULL,NULL,NULL,NULL,NULL,'7% MwSt','Menge','Unterbringung','Buchnummer','Name','0% MwSt','19% MwSt',NULL,NULL,NULL,NULL,NULL),(661,93,'Gesamt:','','','','=SUM(e1:e4)','=SUM(f1:f4)','=SUM(g1:g4)',NULL,NULL,NULL,NULL,NULL,'7% MwSt','Menge','Unterbringung','Buchnummer','Name','0% MwSt','19% MwSt',NULL,NULL,NULL,NULL,NULL),(662,94,'2','dortn','123','meyer','1','51','1111.111',NULL,NULL,NULL,NULL,NULL,'7% MwSt','Menge','Unterbringung','Buchnummer','Name','0% MwSt','19% MwSt',NULL,NULL,NULL,NULL,NULL),(663,94,'3','drüben','321','müller','2','12','2',NULL,NULL,NULL,NULL,NULL,'7% MwSt','Menge','Unterbringung','Buchnummer','Name','0% MwSt','19% MwSt',NULL,NULL,NULL,NULL,NULL),(664,94,'4','drunten','213','eder','333.44','123','1',NULL,NULL,NULL,NULL,NULL,'7% MwSt','Menge','Unterbringung','Buchnummer','Name','0% MwSt','19% MwSt',NULL,NULL,NULL,NULL,NULL),(665,94,'1','hinten','123123','dünn','123','123','1',NULL,NULL,NULL,NULL,NULL,'7% MwSt','Menge','Unterbringung','Buchnummer','Name','0% MwSt','19% MwSt',NULL,NULL,NULL,NULL,NULL),(666,94,'Gesamt:','','','','=SUM(e1:e4)','=SUM(f1:f4)','=SUM(g1:g4)',NULL,NULL,NULL,NULL,NULL,'7% MwSt','Menge','Unterbringung','Buchnummer','Name','0% MwSt','19% MwSt',NULL,NULL,NULL,NULL,NULL),(667,95,'2','dortn','123','meyer','1','51','1111.111',NULL,NULL,NULL,NULL,NULL,'7% MwSt','Menge','Unterbringung','Buchnummer','Name','0% MwSt','19% MwSt',NULL,NULL,NULL,NULL,NULL),(668,95,'3','drüben','321','müller','2','12','2',NULL,NULL,NULL,NULL,NULL,'7% MwSt','Menge','Unterbringung','Buchnummer','Name','0% MwSt','19% MwSt',NULL,NULL,NULL,NULL,NULL),(669,95,'4','drunten','213','eder','333.44','123','1',NULL,NULL,NULL,NULL,NULL,'7% MwSt','Menge','Unterbringung','Buchnummer','Name','0% MwSt','19% MwSt',NULL,NULL,NULL,NULL,NULL),(670,95,'1','hinten','123123','dünn','123','123','1',NULL,NULL,NULL,NULL,NULL,'7% MwSt','Menge','Unterbringung','Buchnummer','Name','0% MwSt','19% MwSt',NULL,NULL,NULL,NULL,NULL),(671,95,'Gesamt:','','','','=SUM(e1:e4)','=SUM(f1:f4)','=SUM(g1:g4)',NULL,NULL,NULL,NULL,NULL,'7% MwSt','Menge','Unterbringung','Buchnummer','Name','0% MwSt','19% MwSt',NULL,NULL,NULL,NULL,NULL),(672,96,'2','dortn','123','meyer','1','51','1111.111',NULL,NULL,NULL,NULL,NULL,'7% MwSt','Menge','Unterbringung','Buchnummer','Name','0% MwSt','19% MwSt',NULL,NULL,NULL,NULL,NULL),(673,96,'3','drüben','321','müller','2','12','2',NULL,NULL,NULL,NULL,NULL,'7% MwSt','Menge','Unterbringung','Buchnummer','Name','0% MwSt','19% MwSt',NULL,NULL,NULL,NULL,NULL),(674,96,'4','drunten','213','eder','333.44','123','1',NULL,NULL,NULL,NULL,NULL,'7% MwSt','Menge','Unterbringung','Buchnummer','Name','0% MwSt','19% MwSt',NULL,NULL,NULL,NULL,NULL),(675,96,'1','hinten','123123','dünn','123','123','1',NULL,NULL,NULL,NULL,NULL,'7% MwSt','Menge','Unterbringung','Buchnummer','Name','0% MwSt','19% MwSt',NULL,NULL,NULL,NULL,NULL),(676,96,'Gesamt:','','','','=SUM(e1:e4)','=SUM(f1:f4)','=SUM(g1:g4)',NULL,NULL,NULL,NULL,NULL,'7% MwSt','Menge','Unterbringung','Buchnummer','Name','0% MwSt','19% MwSt',NULL,NULL,NULL,NULL,NULL),(677,97,'2','dortn','123','meyer','1','51','1111.111',NULL,NULL,NULL,NULL,NULL,'7% MwSt','Menge','Unterbringung','Buchnummer','Name','0% MwSt','19% MwSt',NULL,NULL,NULL,NULL,NULL),(678,97,'3','drüben','321','müller','2','12','2',NULL,NULL,NULL,NULL,NULL,'7% MwSt','Menge','Unterbringung','Buchnummer','Name','0% MwSt','19% MwSt',NULL,NULL,NULL,NULL,NULL),(679,97,'4','drunten','213','eder','333.44','123','1',NULL,NULL,NULL,NULL,NULL,'7% MwSt','Menge','Unterbringung','Buchnummer','Name','0% MwSt','19% MwSt',NULL,NULL,NULL,NULL,NULL),(680,97,'1','hinten','123123','dünn','123','123','1',NULL,NULL,NULL,NULL,NULL,'7% MwSt','Menge','Unterbringung','Buchnummer','Name','0% MwSt','19% MwSt',NULL,NULL,NULL,NULL,NULL),(681,97,'Gesamt:','','','','=SUM(e1:e4)','=SUM(f1:f4)','=SUM(g1:g4)',NULL,NULL,NULL,NULL,NULL,'7% MwSt','Menge','Unterbringung','Buchnummer','Name','0% MwSt','19% MwSt',NULL,NULL,NULL,NULL,NULL),(682,98,'2','dortn','123','meyer','1','51','1111.111',NULL,NULL,NULL,NULL,NULL,'7% MwSt','Menge','Unterbringung','Buchnummer','Name','0% MwSt','19% MwSt',NULL,NULL,NULL,NULL,NULL),(683,98,'3','drüben','321','müller','2','12','2',NULL,NULL,NULL,NULL,NULL,'7% MwSt','Menge','Unterbringung','Buchnummer','Name','0% MwSt','19% MwSt',NULL,NULL,NULL,NULL,NULL),(684,98,'4','drunten','213','eder','333.44','123','1',NULL,NULL,NULL,NULL,NULL,'7% MwSt','Menge','Unterbringung','Buchnummer','Name','0% MwSt','19% MwSt',NULL,NULL,NULL,NULL,NULL),(685,98,'1','hinten','123123','dünn','123','123','1',NULL,NULL,NULL,NULL,NULL,'7% MwSt','Menge','Unterbringung','Buchnummer','Name','0% MwSt','19% MwSt',NULL,NULL,NULL,NULL,NULL),(686,98,'Gesamt:','','','','=SUM(e1:e4)','=SUM(f1:f4)','=SUM(g1:g4)',NULL,NULL,NULL,NULL,NULL,'7% MwSt','Menge','Unterbringung','Buchnummer','Name','0% MwSt','19% MwSt',NULL,NULL,NULL,NULL,NULL),(692,100,'2','dortn','123','meyer','1','51','1111.111',NULL,NULL,NULL,NULL,NULL,'7% MwSt','Menge','Unterbringung','Buchnummer','Name','0% MwSt','19% MwSt',NULL,NULL,NULL,NULL,NULL),(693,100,'3','drüben','321','müller','2','12','2',NULL,NULL,NULL,NULL,NULL,'7% MwSt','Menge','Unterbringung','Buchnummer','Name','0% MwSt','19% MwSt',NULL,NULL,NULL,NULL,NULL),(694,100,'4','drunten','213','eder','333.44','123','1',NULL,NULL,NULL,NULL,NULL,'7% MwSt','Menge','Unterbringung','Buchnummer','Name','0% MwSt','19% MwSt',NULL,NULL,NULL,NULL,NULL),(695,100,'1','hinten','123123','dünn','123','123','1',NULL,NULL,NULL,NULL,NULL,'7% MwSt','Menge','Unterbringung','Buchnummer','Name','0% MwSt','19% MwSt',NULL,NULL,NULL,NULL,NULL),(696,100,'Gesamt:','','','','=SUM(e1:e4)','=SUM(f1:f4)','=SUM(g1:g4)',NULL,NULL,NULL,NULL,NULL,'7% MwSt','Menge','Unterbringung','Buchnummer','Name','0% MwSt','19% MwSt',NULL,NULL,NULL,NULL,NULL),(702,102,'2','dortn','123','meyer','1','51','1111.111',NULL,NULL,NULL,NULL,NULL,'7% MwSt','Menge','Unterbringung','Buchnummer','Name','0% MwSt','19% MwSt',NULL,NULL,NULL,NULL,NULL),(703,102,'3','drüben','321','müller','2','12','2',NULL,NULL,NULL,NULL,NULL,'7% MwSt','Menge','Unterbringung','Buchnummer','Name','0% MwSt','19% MwSt',NULL,NULL,NULL,NULL,NULL),(704,102,'4','drunten','213','eder','333.44','123','1',NULL,NULL,NULL,NULL,NULL,'7% MwSt','Menge','Unterbringung','Buchnummer','Name','0% MwSt','19% MwSt',NULL,NULL,NULL,NULL,NULL),(705,102,'1','hinten','123123','dünn','123','123','1',NULL,NULL,NULL,NULL,NULL,'7% MwSt','Menge','Unterbringung','Buchnummer','Name','0% MwSt','19% MwSt',NULL,NULL,NULL,NULL,NULL),(706,102,'Gesamt:','','','','=SUM(e1:e4)','=SUM(f1:f4)','=SUM(g1:g4)',NULL,NULL,NULL,NULL,NULL,'7% MwSt','Menge','Unterbringung','Buchnummer','Name','0% MwSt','19% MwSt',NULL,NULL,NULL,NULL,NULL),(707,103,'2','dortn','123','meyer','1','51','1111.111',NULL,NULL,NULL,NULL,NULL,'7% MwSt','Menge','Unterbringung','Buchnummer','Name','0% MwSt','19% MwSt',NULL,NULL,NULL,NULL,NULL),(708,103,'3','drüben','321','müller','2','12','2',NULL,NULL,NULL,NULL,NULL,'7% MwSt','Menge','Unterbringung','Buchnummer','Name','0% MwSt','19% MwSt',NULL,NULL,NULL,NULL,NULL),(709,103,'4','drunten','213','eder','333.44','123','1',NULL,NULL,NULL,NULL,NULL,'7% MwSt','Menge','Unterbringung','Buchnummer','Name','0% MwSt','19% MwSt',NULL,NULL,NULL,NULL,NULL),(710,103,'1','hinten','123123','dünn','123','123','1',NULL,NULL,NULL,NULL,NULL,'7% MwSt','Menge','Unterbringung','Buchnummer','Name','0% MwSt','19% MwSt',NULL,NULL,NULL,NULL,NULL),(711,103,'Gesamt:','','','','=SUM(e1:e4)','=SUM(f1:f4)','=SUM(g1:g4)',NULL,NULL,NULL,NULL,NULL,'7% MwSt','Menge','Unterbringung','Buchnummer','Name','0% MwSt','19% MwSt',NULL,NULL,NULL,NULL,NULL),(717,109,'2','dortn','123','meyer','1','51','1111.111',NULL,NULL,NULL,NULL,NULL,'7% MwSt','Menge','Unterbringung','Buchnummer','Name','0% MwSt','19% MwSt',NULL,NULL,NULL,NULL,NULL),(718,109,'3','drüben','321','müller','2','12','2',NULL,NULL,NULL,NULL,NULL,'7% MwSt','Menge','Unterbringung','Buchnummer','Name','0% MwSt','19% MwSt',NULL,NULL,NULL,NULL,NULL),(719,109,'4','drunten','213','eder','333.44','123','1',NULL,NULL,NULL,NULL,NULL,'7% MwSt','Menge','Unterbringung','Buchnummer','Name','0% MwSt','19% MwSt',NULL,NULL,NULL,NULL,NULL),(720,109,'1','hinten','123123','dünn','123','123','1',NULL,NULL,NULL,NULL,NULL,'7% MwSt','Menge','Unterbringung','Buchnummer','Name','0% MwSt','19% MwSt',NULL,NULL,NULL,NULL,NULL),(721,109,'Gesamt:','','','','=SUM(e1:e4)','=SUM(f1:f4)','=SUM(g1:g4)',NULL,NULL,NULL,NULL,NULL,'7% MwSt','Menge','Unterbringung','Buchnummer','Name','0% MwSt','19% MwSt',NULL,NULL,NULL,NULL,NULL),(722,110,'2','dortn','123','meyer','1','51','1111.111',NULL,NULL,NULL,NULL,NULL,'7% MwSt','Menge','Unterbringung','Buchnummer','Name','0% MwSt','19% MwSt',NULL,NULL,NULL,NULL,NULL),(723,110,'3','drüben','321','müller','2','12','2',NULL,NULL,NULL,NULL,NULL,'7% MwSt','Menge','Unterbringung','Buchnummer','Name','0% MwSt','19% MwSt',NULL,NULL,NULL,NULL,NULL),(724,110,'4','drunten','213','eder','333.44','123','1',NULL,NULL,NULL,NULL,NULL,'7% MwSt','Menge','Unterbringung','Buchnummer','Name','0% MwSt','19% MwSt',NULL,NULL,NULL,NULL,NULL),(725,110,'1','hinten','123123','dünn','123','123','1',NULL,NULL,NULL,NULL,NULL,'7% MwSt','Menge','Unterbringung','Buchnummer','Name','0% MwSt','19% MwSt',NULL,NULL,NULL,NULL,NULL),(726,110,'Gesamt:','','','','=SUM(e1:e4)','=SUM(f1:f4)','=SUM(g1:g4)',NULL,NULL,NULL,NULL,NULL,'7% MwSt','Menge','Unterbringung','Buchnummer','Name','0% MwSt','19% MwSt',NULL,NULL,NULL,NULL,NULL),(727,111,'2','dortn','123','meyer','1','51','1111.111',NULL,NULL,NULL,NULL,NULL,'7% MwSt','Menge','Unterbringung','Buchnummer','Name','0% MwSt','19% MwSt',NULL,NULL,NULL,NULL,NULL),(728,111,'3','drüben','321','müller','2','12','2',NULL,NULL,NULL,NULL,NULL,'7% MwSt','Menge','Unterbringung','Buchnummer','Name','0% MwSt','19% MwSt',NULL,NULL,NULL,NULL,NULL),(729,111,'4','drunten','213','eder','333.44','123','1',NULL,NULL,NULL,NULL,NULL,'7% MwSt','Menge','Unterbringung','Buchnummer','Name','0% MwSt','19% MwSt',NULL,NULL,NULL,NULL,NULL),(730,111,'1','hinten','123123','dünn','123','123','1',NULL,NULL,NULL,NULL,NULL,'7% MwSt','Menge','Unterbringung','Buchnummer','Name','0% MwSt','19% MwSt',NULL,NULL,NULL,NULL,NULL),(731,111,'Gesamt:','','','','=SUM(e1:e4)','=SUM(f1:f4)','=SUM(g1:g4)',NULL,NULL,NULL,NULL,NULL,'7% MwSt','Menge','Unterbringung','Buchnummer','Name','0% MwSt','19% MwSt',NULL,NULL,NULL,NULL,NULL),(732,112,'2','dortn','123','meyer','1','51','1111.111',NULL,NULL,NULL,NULL,NULL,'7% MwSt','Menge','Unterbringung','Buchnummer','Name','0% MwSt','19% MwSt',NULL,NULL,NULL,NULL,NULL),(733,112,'3','drüben','321','müller','2','12','2',NULL,NULL,NULL,NULL,NULL,'7% MwSt','Menge','Unterbringung','Buchnummer','Name','0% MwSt','19% MwSt',NULL,NULL,NULL,NULL,NULL),(734,112,'4','drunten','213','eder','333.44','123','1',NULL,NULL,NULL,NULL,NULL,'7% MwSt','Menge','Unterbringung','Buchnummer','Name','0% MwSt','19% MwSt',NULL,NULL,NULL,NULL,NULL),(735,112,'1','hinten','123123','dünn','123','123','1',NULL,NULL,NULL,NULL,NULL,'7% MwSt','Menge','Unterbringung','Buchnummer','Name','0% MwSt','19% MwSt',NULL,NULL,NULL,NULL,NULL),(736,112,'Gesamt:','','','','=SUM(e1:e4)','=SUM(f1:f4)','=SUM(g1:g4)',NULL,NULL,NULL,NULL,NULL,'7% MwSt','Menge','Unterbringung','Buchnummer','Name','0% MwSt','19% MwSt',NULL,NULL,NULL,NULL,NULL),(752,116,'2','dortn','123','meyer','1','51','1111.111',NULL,NULL,NULL,NULL,NULL,'7% MwSt','Menge','Unterbringung','Buchnummer','Name','0% MwSt','19% MwSt',NULL,NULL,NULL,NULL,NULL),(753,116,'3','drüben','321','müller','2','12','2',NULL,NULL,NULL,NULL,NULL,'7% MwSt','Menge','Unterbringung','Buchnummer','Name','0% MwSt','19% MwSt',NULL,NULL,NULL,NULL,NULL),(754,116,'4','drunten','213','eder','333.44','123','1',NULL,NULL,NULL,NULL,NULL,'7% MwSt','Menge','Unterbringung','Buchnummer','Name','0% MwSt','19% MwSt',NULL,NULL,NULL,NULL,NULL),(755,116,'1','hinten','123123','dünn','123','123','1',NULL,NULL,NULL,NULL,NULL,'7% MwSt','Menge','Unterbringung','Buchnummer','Name','0% MwSt','19% MwSt',NULL,NULL,NULL,NULL,NULL),(756,116,'Gesamt:','','','','=SUM(e1:e4)','=SUM(f1:f4)','=SUM(g1:g4)',NULL,NULL,NULL,NULL,NULL,'7% MwSt','Menge','Unterbringung','Buchnummer','Name','0% MwSt','19% MwSt',NULL,NULL,NULL,NULL,NULL),(757,117,'2','dortn','123','meyer','1','51','1111.111',NULL,NULL,NULL,NULL,NULL,'7% MwSt','Menge','Unterbringung','Buchnummer','Name','0% MwSt','19% MwSt',NULL,NULL,NULL,NULL,NULL),(758,117,'3','drüben','321','müller','2','12','2',NULL,NULL,NULL,NULL,NULL,'7% MwSt','Menge','Unterbringung','Buchnummer','Name','0% MwSt','19% MwSt',NULL,NULL,NULL,NULL,NULL),(759,117,'4','drunten','213','eder','333.44','123','1',NULL,NULL,NULL,NULL,NULL,'7% MwSt','Menge','Unterbringung','Buchnummer','Name','0% MwSt','19% MwSt',NULL,NULL,NULL,NULL,NULL),(760,117,'1','hinten','123123','dünn','123','123','1',NULL,NULL,NULL,NULL,NULL,'7% MwSt','Menge','Unterbringung','Buchnummer','Name','0% MwSt','19% MwSt',NULL,NULL,NULL,NULL,NULL),(761,117,'Gesamt:','','','','=SUM(e1:e4)','=SUM(f1:f4)','=SUM(g1:g4)',NULL,NULL,NULL,NULL,NULL,'7% MwSt','Menge','Unterbringung','Buchnummer','Name','0% MwSt','19% MwSt',NULL,NULL,NULL,NULL,NULL),(762,118,'2','dortn','123','meyer','1','51','1111.111',NULL,NULL,NULL,NULL,NULL,'7% MwSt','Menge','Unterbringung','Buchnummer','Name','0% MwSt','19% MwSt',NULL,NULL,NULL,NULL,NULL),(763,118,'3','drüben','321','müller','2','12','2',NULL,NULL,NULL,NULL,NULL,'7% MwSt','Menge','Unterbringung','Buchnummer','Name','0% MwSt','19% MwSt',NULL,NULL,NULL,NULL,NULL),(764,118,'4','drunten','213','eder','333.44','123','1',NULL,NULL,NULL,NULL,NULL,'7% MwSt','Menge','Unterbringung','Buchnummer','Name','0% MwSt','19% MwSt',NULL,NULL,NULL,NULL,NULL),(765,118,'1','hinten','123123','dünn','123','123','1',NULL,NULL,NULL,NULL,NULL,'7% MwSt','Menge','Unterbringung','Buchnummer','Name','0% MwSt','19% MwSt',NULL,NULL,NULL,NULL,NULL),(766,118,'Gesamt:','','','','=SUM(e1:e4)','=SUM(f1:f4)','=SUM(g1:g4)',NULL,NULL,NULL,NULL,NULL,'7% MwSt','Menge','Unterbringung','Buchnummer','Name','0% MwSt','19% MwSt',NULL,NULL,NULL,NULL,NULL),(772,120,'2','dortn','123','meyer','1','51','1111.111',NULL,NULL,NULL,NULL,NULL,'7% MwSt','Menge','Unterbringung','Buchnummer','Name','0% MwSt','19% MwSt',NULL,NULL,NULL,NULL,NULL),(773,120,'3','drüben','321','müller','2','12','2',NULL,NULL,NULL,NULL,NULL,'7% MwSt','Menge','Unterbringung','Buchnummer','Name','0% MwSt','19% MwSt',NULL,NULL,NULL,NULL,NULL),(774,120,'4','drunten','213','eder','333.44','123','1',NULL,NULL,NULL,NULL,NULL,'7% MwSt','Menge','Unterbringung','Buchnummer','Name','0% MwSt','19% MwSt',NULL,NULL,NULL,NULL,NULL),(775,120,'1','hinten','123123','dünn','123','123','1',NULL,NULL,NULL,NULL,NULL,'7% MwSt','Menge','Unterbringung','Buchnummer','Name','0% MwSt','19% MwSt',NULL,NULL,NULL,NULL,NULL),(776,120,'Gesamt:','','','','=SUM(e1:e4)','=SUM(f1:f4)','=SUM(g1:g4)',NULL,NULL,NULL,NULL,NULL,'7% MwSt','Menge','Unterbringung','Buchnummer','Name','0% MwSt','19% MwSt',NULL,NULL,NULL,NULL,NULL),(777,121,'2','dortn','123','meyer','1','51','1111.111',NULL,NULL,NULL,NULL,NULL,'7% MwSt','Menge','Unterbringung','Buchnummer','Name','0% MwSt','19% MwSt',NULL,NULL,NULL,NULL,NULL),(778,121,'3','drüben','321','müller','2','12','2',NULL,NULL,NULL,NULL,NULL,'7% MwSt','Menge','Unterbringung','Buchnummer','Name','0% MwSt','19% MwSt',NULL,NULL,NULL,NULL,NULL),(779,121,'4','drunten','213','eder','333.44','123','1',NULL,NULL,NULL,NULL,NULL,'7% MwSt','Menge','Unterbringung','Buchnummer','Name','0% MwSt','19% MwSt',NULL,NULL,NULL,NULL,NULL),(780,121,'1','hinten','123123','dünn','123','123','1',NULL,NULL,NULL,NULL,NULL,'7% MwSt','Menge','Unterbringung','Buchnummer','Name','0% MwSt','19% MwSt',NULL,NULL,NULL,NULL,NULL),(781,121,'Gesamt:','','','','=SUM(e1:e4)','=SUM(f1:f4)','=SUM(g1:g4)',NULL,NULL,NULL,NULL,NULL,'7% MwSt','Menge','Unterbringung','Buchnummer','Name','0% MwSt','19% MwSt',NULL,NULL,NULL,NULL,NULL),(782,122,'2','dortn','123','meyer','1','51','1111.111',NULL,NULL,NULL,NULL,NULL,'7% MwSt','Menge','Unterbringung','Buchnummer','Name','0% MwSt','19% MwSt',NULL,NULL,NULL,NULL,NULL),(783,122,'3','drüben','321','müller','2','12','2',NULL,NULL,NULL,NULL,NULL,'7% MwSt','Menge','Unterbringung','Buchnummer','Name','0% MwSt','19% MwSt',NULL,NULL,NULL,NULL,NULL),(784,122,'4','drunten','213','eder','333.44','123','1',NULL,NULL,NULL,NULL,NULL,'7% MwSt','Menge','Unterbringung','Buchnummer','Name','0% MwSt','19% MwSt',NULL,NULL,NULL,NULL,NULL),(785,122,'1','hinten','123123','dünn','123','123','1',NULL,NULL,NULL,NULL,NULL,'7% MwSt','Menge','Unterbringung','Buchnummer','Name','0% MwSt','19% MwSt',NULL,NULL,NULL,NULL,NULL),(786,122,'Gesamt:','','','','=SUM(e1:e4)','=SUM(f1:f4)','=SUM(g1:g4)',NULL,NULL,NULL,NULL,NULL,'7% MwSt','Menge','Unterbringung','Buchnummer','Name','0% MwSt','19% MwSt',NULL,NULL,NULL,NULL,NULL),(787,123,'2','dortn','123','meyer','1','51','1111.111',NULL,NULL,NULL,NULL,NULL,'7% MwSt','Menge','Unterbringung','Buchnummer','Name','0% MwSt','19% MwSt',NULL,NULL,NULL,NULL,NULL),(788,123,'3','drüben','321','müller','2','12','2',NULL,NULL,NULL,NULL,NULL,'7% MwSt','Menge','Unterbringung','Buchnummer','Name','0% MwSt','19% MwSt',NULL,NULL,NULL,NULL,NULL),(789,123,'4','drunten','213','eder','333.44','123','1',NULL,NULL,NULL,NULL,NULL,'7% MwSt','Menge','Unterbringung','Buchnummer','Name','0% MwSt','19% MwSt',NULL,NULL,NULL,NULL,NULL),(790,123,'1','hinten','123123','dünn','123','123','1',NULL,NULL,NULL,NULL,NULL,'7% MwSt','Menge','Unterbringung','Buchnummer','Name','0% MwSt','19% MwSt',NULL,NULL,NULL,NULL,NULL),(791,123,'Gesamt:','','','','=SUM(e1:e4)','=SUM(f1:f4)','=SUM(g1:g4)',NULL,NULL,NULL,NULL,NULL,'7% MwSt','Menge','Unterbringung','Buchnummer','Name','0% MwSt','19% MwSt',NULL,NULL,NULL,NULL,NULL),(792,124,'2','dortn','123','meyer','1','51','1111.111',NULL,NULL,NULL,NULL,NULL,'7% MwSt','Menge','Unterbringung','Buchnummer','Name','0% MwSt','19% MwSt',NULL,NULL,NULL,NULL,NULL),(793,124,'3','drüben','321','müller','2','12','2',NULL,NULL,NULL,NULL,NULL,'7% MwSt','Menge','Unterbringung','Buchnummer','Name','0% MwSt','19% MwSt',NULL,NULL,NULL,NULL,NULL),(794,124,'4','drunten','213','eder','333.44','123','1',NULL,NULL,NULL,NULL,NULL,'7% MwSt','Menge','Unterbringung','Buchnummer','Name','0% MwSt','19% MwSt',NULL,NULL,NULL,NULL,NULL),(795,124,'1','hinten','123123','dünn','123','123','1',NULL,NULL,NULL,NULL,NULL,'7% MwSt','Menge','Unterbringung','Buchnummer','Name','0% MwSt','19% MwSt',NULL,NULL,NULL,NULL,NULL),(796,124,'Gesamt:','','','','=SUM(e1:e4)','=SUM(f1:f4)','=SUM(g1:g4)',NULL,NULL,NULL,NULL,NULL,'7% MwSt','Menge','Unterbringung','Buchnummer','Name','0% MwSt','19% MwSt',NULL,NULL,NULL,NULL,NULL),(797,125,'2','dortn','123','meyer','1','51','1111.111',NULL,NULL,NULL,NULL,NULL,'7% MwSt','Menge','Unterbringung','Buchnummer','Name','0% MwSt','19% MwSt',NULL,NULL,NULL,NULL,NULL),(798,125,'3','drüben','321','müller','2','12','2',NULL,NULL,NULL,NULL,NULL,'7% MwSt','Menge','Unterbringung','Buchnummer','Name','0% MwSt','19% MwSt',NULL,NULL,NULL,NULL,NULL),(799,125,'4','drunten','213','eder','333.44','123','1',NULL,NULL,NULL,NULL,NULL,'7% MwSt','Menge','Unterbringung','Buchnummer','Name','0% MwSt','19% MwSt',NULL,NULL,NULL,NULL,NULL),(800,125,'1','hinten','123123','dünn','123','123','1',NULL,NULL,NULL,NULL,NULL,'7% MwSt','Menge','Unterbringung','Buchnummer','Name','0% MwSt','19% MwSt',NULL,NULL,NULL,NULL,NULL),(801,125,'Gesamt:','','','','=SUM(e1:e4)','=SUM(f1:f4)','=SUM(g1:g4)',NULL,NULL,NULL,NULL,NULL,'7% MwSt','Menge','Unterbringung','Buchnummer','Name','0% MwSt','19% MwSt',NULL,NULL,NULL,NULL,NULL),(802,126,'2','dortn','123','meyer','1','51','1111.111',NULL,NULL,NULL,NULL,NULL,'7% MwSt','Menge','Unterbringung','Buchnummer','Name','0% MwSt','19% MwSt',NULL,NULL,NULL,NULL,NULL),(803,126,'3','drüben','321','müller','2','12','2',NULL,NULL,NULL,NULL,NULL,'7% MwSt','Menge','Unterbringung','Buchnummer','Name','0% MwSt','19% MwSt',NULL,NULL,NULL,NULL,NULL),(804,126,'4','drunten','213','eder','333.44','123','1',NULL,NULL,NULL,NULL,NULL,'7% MwSt','Menge','Unterbringung','Buchnummer','Name','0% MwSt','19% MwSt',NULL,NULL,NULL,NULL,NULL),(805,126,'1','hinten','123123','dünn','123','123','1',NULL,NULL,NULL,NULL,NULL,'7% MwSt','Menge','Unterbringung','Buchnummer','Name','0% MwSt','19% MwSt',NULL,NULL,NULL,NULL,NULL),(806,126,'Gesamt:','','','','=SUM(e1:e4)','=SUM(f1:f4)','=SUM(g1:g4)',NULL,NULL,NULL,NULL,NULL,'7% MwSt','Menge','Unterbringung','Buchnummer','Name','0% MwSt','19% MwSt',NULL,NULL,NULL,NULL,NULL),(827,131,'2','dortn','123','meyer','1','51','1111.111',NULL,NULL,NULL,NULL,NULL,'7% MwSt','Menge','Unterbringung','Buchnummer','Name','0% MwSt','19% MwSt',NULL,NULL,NULL,NULL,NULL),(828,131,'3','drüben','321','müller','2','12','2',NULL,NULL,NULL,NULL,NULL,'7% MwSt','Menge','Unterbringung','Buchnummer','Name','0% MwSt','19% MwSt',NULL,NULL,NULL,NULL,NULL),(829,131,'4','drunten','213','eder','333.44','123','1',NULL,NULL,NULL,NULL,NULL,'7% MwSt','Menge','Unterbringung','Buchnummer','Name','0% MwSt','19% MwSt',NULL,NULL,NULL,NULL,NULL),(830,131,'1','hinten','123123','dünn','123','123','1',NULL,NULL,NULL,NULL,NULL,'7% MwSt','Menge','Unterbringung','Buchnummer','Name','0% MwSt','19% MwSt',NULL,NULL,NULL,NULL,NULL),(831,131,'Gesamt:','','','','=SUM(e1:e4)','=SUM(f1:f4)','=SUM(g1:g4)',NULL,NULL,NULL,NULL,NULL,'7% MwSt','Menge','Unterbringung','Buchnummer','Name','0% MwSt','19% MwSt',NULL,NULL,NULL,NULL,NULL),(832,132,'1','da','666','heinze','5','1.5','2',NULL,NULL,NULL,NULL,NULL,'7% MwSt','Menge','Unterbringung','Buchnummer','Name','0% MwSt','19% MwSt',NULL,NULL,NULL,NULL,NULL),(833,132,'Gesamt:','','','','=SUM(e1:e1)','=SUM(f1:f1)','=SUM(g1:g1)',NULL,NULL,NULL,NULL,NULL,'7% MwSt','Menge','Unterbringung','Buchnummer','Name','0% MwSt','19% MwSt',NULL,NULL,NULL,NULL,NULL),(834,133,'1','da','666','heinze','5','1.5','2',NULL,NULL,NULL,NULL,NULL,'7% MwSt','Menge','Unterbringung','Buchnummer','Name','0% MwSt','19% MwSt',NULL,NULL,NULL,NULL,NULL),(835,133,'Gesamt:','','','','=SUM(e1:e1)','=SUM(f1:f1)','=SUM(g1:g1)',NULL,NULL,NULL,NULL,NULL,'7% MwSt','Menge','Unterbringung','Buchnummer','Name','0% MwSt','19% MwSt',NULL,NULL,NULL,NULL,NULL),(838,135,'a','b','c','d','5.00','','',NULL,NULL,NULL,NULL,NULL,'7% MwSt','Buchnummer','Name','Unterbringung','Artikelbeschreibung','0% MwSt','19% MwSt',NULL,NULL,NULL,NULL,NULL),(839,135,'Gesamt:','','','','5.00','0.00','0.00',NULL,NULL,NULL,NULL,NULL,'7% MwSt','Buchnummer','Name','Unterbringung','Artikelbeschreibung','0% MwSt','19% MwSt',NULL,NULL,NULL,NULL,NULL),(840,136,'a','b','c','d','5.00','','',NULL,NULL,NULL,NULL,NULL,'7% MwSt','Buchnummer','Name','Unterbringung','Artikelbeschreibung','0% MwSt','19% MwSt',NULL,NULL,NULL,NULL,NULL),(841,136,'Gesamt:','','','','5.00','0.00','0.00',NULL,NULL,NULL,NULL,NULL,'7% MwSt','Buchnummer','Name','Unterbringung','Artikelbeschreibung','0% MwSt','19% MwSt',NULL,NULL,NULL,NULL,NULL),(844,138,'2','dortn','123','meyer','1.00','51.00','1111.11',NULL,NULL,NULL,NULL,NULL,'7% MwSt','Menge','Unterbringung','Buchnummer','Name','0% MwSt','19% MwSt',NULL,NULL,NULL,NULL,NULL),(845,138,'3','drüben','321','müller','2.00','12.00','2.00',NULL,NULL,NULL,NULL,NULL,'7% MwSt','Menge','Unterbringung','Buchnummer','Name','0% MwSt','19% MwSt',NULL,NULL,NULL,NULL,NULL),(846,138,'4','drunten','213','eder','333.44','123.00','1.00',NULL,NULL,NULL,NULL,NULL,'7% MwSt','Menge','Unterbringung','Buchnummer','Name','0% MwSt','19% MwSt',NULL,NULL,NULL,NULL,NULL),(847,138,'1','hinten','123123','dünn','123.00','123.00','1.00',NULL,NULL,NULL,NULL,NULL,'7% MwSt','Menge','Unterbringung','Buchnummer','Name','0% MwSt','19% MwSt',NULL,NULL,NULL,NULL,NULL),(848,138,'5','ovrne','','','11.00','11.00','11.00',NULL,NULL,NULL,NULL,NULL,'7% MwSt','Menge','Unterbringung','Buchnummer','Name','0% MwSt','19% MwSt',NULL,NULL,NULL,NULL,NULL),(849,138,'','','','','','','',NULL,NULL,NULL,NULL,NULL,'7% MwSt','Menge','Unterbringung','Buchnummer','Name','0% MwSt','19% MwSt',NULL,NULL,NULL,NULL,NULL),(850,138,'Gesamt:','','','','470.44','320.00','1126.11',NULL,NULL,NULL,NULL,NULL,'7% MwSt','Menge','Unterbringung','Buchnummer','Name','0% MwSt','19% MwSt',NULL,NULL,NULL,NULL,NULL),(851,139,'2','dortn','123','meyer','1.00','51.00','1111.11',NULL,NULL,NULL,NULL,NULL,'7% MwSt','Menge','Unterbringung','Buchnummer','Name','0% MwSt','19% MwSt',NULL,NULL,NULL,NULL,NULL),(852,139,'3','drüben','321','müller','2.00','12.00','2.00',NULL,NULL,NULL,NULL,NULL,'7% MwSt','Menge','Unterbringung','Buchnummer','Name','0% MwSt','19% MwSt',NULL,NULL,NULL,NULL,NULL),(853,139,'4','drunten','213','eder','333.44','123.00','1.00',NULL,NULL,NULL,NULL,NULL,'7% MwSt','Menge','Unterbringung','Buchnummer','Name','0% MwSt','19% MwSt',NULL,NULL,NULL,NULL,NULL),(854,139,'1','hinten','123123','dünn','123.00','123.00','1.00',NULL,NULL,NULL,NULL,NULL,'7% MwSt','Menge','Unterbringung','Buchnummer','Name','0% MwSt','19% MwSt',NULL,NULL,NULL,NULL,NULL),(855,139,'5','ovrne','','','11.00','11.00','11.00',NULL,NULL,NULL,NULL,NULL,'7% MwSt','Menge','Unterbringung','Buchnummer','Name','0% MwSt','19% MwSt',NULL,NULL,NULL,NULL,NULL),(856,139,'','','','','','','',NULL,NULL,NULL,NULL,NULL,'7% MwSt','Menge','Unterbringung','Buchnummer','Name','0% MwSt','19% MwSt',NULL,NULL,NULL,NULL,NULL),(857,139,'Gesamt:','','','','470.44','320.00','1126.11',NULL,NULL,NULL,NULL,NULL,'7% MwSt','Menge','Unterbringung','Buchnummer','Name','0% MwSt','19% MwSt',NULL,NULL,NULL,NULL,NULL),(858,140,'2','dortn','123','meyer','1.00','51.00','1111.11',NULL,NULL,NULL,NULL,NULL,'7% MwSt','Menge','Unterbringung','Buchnummer','Name','0% MwSt','19% MwSt',NULL,NULL,NULL,NULL,NULL),(859,140,'3','drüben','321','müller','2.00','12.00','2.00',NULL,NULL,NULL,NULL,NULL,'7% MwSt','Menge','Unterbringung','Buchnummer','Name','0% MwSt','19% MwSt',NULL,NULL,NULL,NULL,NULL),(860,140,'4','drunten','213','eder','333.44','123.00','1.00',NULL,NULL,NULL,NULL,NULL,'7% MwSt','Menge','Unterbringung','Buchnummer','Name','0% MwSt','19% MwSt',NULL,NULL,NULL,NULL,NULL),(861,140,'1','hinten','123123','dünn','123.00','123.00','1.00',NULL,NULL,NULL,NULL,NULL,'7% MwSt','Menge','Unterbringung','Buchnummer','Name','0% MwSt','19% MwSt',NULL,NULL,NULL,NULL,NULL),(862,140,'5','ovrne','','','11.00','11.00','11.00',NULL,NULL,NULL,NULL,NULL,'7% MwSt','Menge','Unterbringung','Buchnummer','Name','0% MwSt','19% MwSt',NULL,NULL,NULL,NULL,NULL),(863,140,'','','','','','','',NULL,NULL,NULL,NULL,NULL,'7% MwSt','Menge','Unterbringung','Buchnummer','Name','0% MwSt','19% MwSt',NULL,NULL,NULL,NULL,NULL),(864,140,'Gesamt:','','','','470.44','320.00','1126.11',NULL,NULL,NULL,NULL,NULL,'7% MwSt','Menge','Unterbringung','Buchnummer','Name','0% MwSt','19% MwSt',NULL,NULL,NULL,NULL,NULL),(872,142,'2','dortn','123','meyer','1.00','51.00','1111.11',NULL,NULL,NULL,NULL,NULL,'7% MwSt','Menge','Unterbringung','Buchnummer','Name','0% MwSt','19% MwSt',NULL,NULL,NULL,NULL,NULL),(873,142,'3','drüben','321','müller','2.00','12.00','2.00',NULL,NULL,NULL,NULL,NULL,'7% MwSt','Menge','Unterbringung','Buchnummer','Name','0% MwSt','19% MwSt',NULL,NULL,NULL,NULL,NULL),(874,142,'4','drunten','213','eder','333.44','123.00','1.00',NULL,NULL,NULL,NULL,NULL,'7% MwSt','Menge','Unterbringung','Buchnummer','Name','0% MwSt','19% MwSt',NULL,NULL,NULL,NULL,NULL),(875,142,'1','hinten','123123','dünn','123.00','123.00','1.00',NULL,NULL,NULL,NULL,NULL,'7% MwSt','Menge','Unterbringung','Buchnummer','Name','0% MwSt','19% MwSt',NULL,NULL,NULL,NULL,NULL),(876,142,'5','ovrne','','','11.00','11.00','11.00',NULL,NULL,NULL,NULL,NULL,'7% MwSt','Menge','Unterbringung','Buchnummer','Name','0% MwSt','19% MwSt',NULL,NULL,NULL,NULL,NULL),(877,142,'','','','','','','',NULL,NULL,NULL,NULL,NULL,'7% MwSt','Menge','Unterbringung','Buchnummer','Name','0% MwSt','19% MwSt',NULL,NULL,NULL,NULL,NULL),(878,142,'Gesamt:','','','','470.44','320.00','1126.11',NULL,NULL,NULL,NULL,NULL,'7% MwSt','Menge','Unterbringung','Buchnummer','Name','0% MwSt','19% MwSt',NULL,NULL,NULL,NULL,NULL),(879,143,'2','dortn','123','meyer','1.00','51.00','1111.11',NULL,NULL,NULL,NULL,NULL,'7% MwSt','Menge','Unterbringung','Buchnummer','Name','0% MwSt','19% MwSt',NULL,NULL,NULL,NULL,NULL),(880,143,'3','drüben','321','müller','2.00','12.00','2.00',NULL,NULL,NULL,NULL,NULL,'7% MwSt','Menge','Unterbringung','Buchnummer','Name','0% MwSt','19% MwSt',NULL,NULL,NULL,NULL,NULL),(881,143,'4','drunten','213','eder','333.44','123.00','1.00',NULL,NULL,NULL,NULL,NULL,'7% MwSt','Menge','Unterbringung','Buchnummer','Name','0% MwSt','19% MwSt',NULL,NULL,NULL,NULL,NULL),(882,143,'1','hinten','123123','dünn','123.00','123.00','1.00',NULL,NULL,NULL,NULL,NULL,'7% MwSt','Menge','Unterbringung','Buchnummer','Name','0% MwSt','19% MwSt',NULL,NULL,NULL,NULL,NULL),(883,143,'5','ovrne','','','11.00','11.00','11.00',NULL,NULL,NULL,NULL,NULL,'7% MwSt','Menge','Unterbringung','Buchnummer','Name','0% MwSt','19% MwSt',NULL,NULL,NULL,NULL,NULL),(884,143,'','','','','','','',NULL,NULL,NULL,NULL,NULL,'7% MwSt','Menge','Unterbringung','Buchnummer','Name','0% MwSt','19% MwSt',NULL,NULL,NULL,NULL,NULL),(885,143,'Gesamt:','','','','470.44','320.00','1126.11',NULL,NULL,NULL,NULL,NULL,'7% MwSt','Menge','Unterbringung','Buchnummer','Name','0% MwSt','19% MwSt',NULL,NULL,NULL,NULL,NULL);
/*!40000 ALTER TABLE `documentvalues` ENABLE KEYS */;
UNLOCK TABLES;

--
-- Table structure for table `jvadata`
--

DROP TABLE IF EXISTS `jvadata`;
/*!40101 SET @saved_cs_client     = @@character_set_client */;
/*!40101 SET character_set_client = utf8 */;
CREATE TABLE `jvadata` (
  `jvaDataId` int(11) NOT NULL AUTO_INCREMENT,
  `jvaName` varchar(255) NOT NULL,
  `jvaAddress` varchar(255) NOT NULL,
  `jvaColConfig` int(11) NOT NULL,
  `jvaNameExt` varchar(45) DEFAULT NULL,
  `jvaFooter` text,
  `jvaCustNum` varchar(45) DEFAULT NULL,
  `jvaCustNumDesc` varchar(45) DEFAULT NULL,
  `jvaDeactivated` varchar(1) DEFAULT 'n',
  `jvaColMemm` int(11) DEFAULT '2',
  `jvaColLoeh` int(11) DEFAULT '3',
  `jvaColWitt` int(11) DEFAULT '4',
  PRIMARY KEY (`jvaDataId`),
  KEY `jvaColConfig_idx` (`jvaColConfig`),
  KEY `jvaColMemmel_idx` (`jvaColMemm`),
  KEY `jvaColLoehne_idx` (`jvaColLoeh`),
  KEY `jvaColWitte_idx` (`jvaColWitt`),
  CONSTRAINT `jvaColIk` FOREIGN KEY (`jvaColConfig`) REFERENCES `defaultcolconfig` (`colConfigId`) ON DELETE CASCADE ON UPDATE NO ACTION,
  CONSTRAINT `jvaColLoehne` FOREIGN KEY (`jvaColLoeh`) REFERENCES `defaultcolconfig` (`colConfigId`) ON DELETE NO ACTION ON UPDATE NO ACTION,
  CONSTRAINT `jvaColMemmel` FOREIGN KEY (`jvaColMemm`) REFERENCES `defaultcolconfig` (`colConfigId`) ON DELETE NO ACTION ON UPDATE NO ACTION,
  CONSTRAINT `jvaColWitte` FOREIGN KEY (`jvaColWitt`) REFERENCES `defaultcolconfig` (`colConfigId`) ON DELETE NO ACTION ON UPDATE NO ACTION
) ENGINE=InnoDB AUTO_INCREMENT=59 DEFAULT CHARSET=utf8;
/*!40101 SET character_set_client = @saved_cs_client */;

--
-- Dumping data for table `jvadata`
--

LOCK TABLES `jvadata` WRITE;
/*!40000 ALTER TABLE `jvadata` DISABLE KEYS */;
INSERT INTO `jvadata` VALUES (0,'JVA Ebing','Am Schwana 3 96147 Rattelsdorf',1,'IK','Herzlichst, Ihr Bjoern Zinkni','123456','123-678','n',2,3,4),(9,'JVA Haupt','Hauptstrasse 30 98765 Testadresse',8,'unten','MfG Massak GmbH','123456','123-678','y',2,3,4),(10,'JVA Hamburg','Hauptstrasse 30 98765 Testadresse',9,'Extra','MfG Massak GmbH','123456','123-678','y',2,3,4),(11,'JVA Bremen','Hauptstrasse 30 98765 Testadresse',10,'Zusatz','MfG Massak GmbH','123456','123-678','y',2,3,4),(12,'JVA Berlin','Hauptstrasse 30 98765 Testadresse',11,'Moabit','MfG Massak GmbH','123456','123-678','y',2,3,4),(13,'JVA Berlin','Hauptstrasse 30 98765 Testadresse',12,'Mitte','MfG Massak GmbH','123456','123-678','y',2,3,4),(14,'JVA Berlin','Hauptstrasse 30 98765 Testadresse',13,'Friedrichshain','MfG Massak GmbH','123456','','y',2,3,4),(15,'JVA Berlin','Hauptstrasse 30 98765 Testadresse',14,'Neukölln','MfG Massak GmbH','123456','123','y',2,3,4),(16,'JVA Berlin','Hauptstrasse 30 98765 Testadresse',15,'Hermannplatz','MfG Massak GmbH','123456','','y',2,3,4),(17,'JVA Hannover','Hauptstrasse 30 98765 Testadresse',16,'Extra','MfG Massak GmbH','123456','','y',2,3,4),(18,'JVA Kassel','Hauptstrasse 30 98765 Testadresse',17,'Extra','MfG Massak GmbH','123456','','n',2,3,4),(19,'JVA Würzburg','Hauptstrasse 30 98765 Testadresse',18,'Extra','MfG Massak GmbH','123456','123-678','y',2,3,4),(20,'JVA Aschaffenburg','Hauptstrasse 30 98765 Testadresse',19,'Extra','MfG Massak GmbH','123456','123-678','y',2,3,4),(21,'JVA Frankfurt','Hauptstrasse 30 98765 Testadresse',20,'','MfG Massak GmbH','123456','123-678','y',2,3,4),(22,'JVA Leipzig','Hauptstrasse 30 98765 Testadresse',21,'','MfG Massak GmbH','123456','123-678','n',2,3,4),(23,'JVA Dresden','Hauptstrasse 30 98765 Testadresse',22,'','MfG Massak GmbH','123456','123-678','y',2,3,4),(24,'JVA Erfurt','Hauptstrasse 30 98765 Testadresse',23,'','MfG Massak GmbH','123456','123-678','y',2,3,4),(25,'JVA Coburg','Hauptstrasse 30 98765 Testadresse',24,'','MfG Massak GmbH','123456','123-678','n',2,3,4),(26,'JVA Forchheim','Hauptstrasse 30 98765 Testadresse',25,'','MfG Massak GmbH','123456','123-678','n',2,3,4),(27,'JVA Ebrach','Hauptstrasse 30 98765 Testadresse',26,'','MfG Massak GmbH','123456','123-678','n',2,3,4),(28,'JVA Bamberg','Hauptstrasse 30 98765 Testadresse',27,'1','MfG Massak GmbH','123456','123-678','y',2,3,4),(29,'JVA Bamberg','Hauptstrasse 30 98765 Testadresse',28,'2','MfG Massak GmbH','123456','123-678','n',2,3,4),(30,'JVA Bamberg','Hauptstrasse 30 98765 Testadresse',29,'3','MfG Massak GmbH','123456','123-678','n',2,3,4),(31,'JVA Bamberg','Hauptstrasse 30 98765 Testadresse',30,'4','MfG Massak GmbH','123456','123-678','n',2,3,4),(32,'JVA Bamberg','Hauptstrasse 30 98765 Testadresse',31,'5','MfG Massak GmbH','123456','123-678','n',2,3,4),(33,'JVA Bamberg','Hauptstrasse 30 98765 Testadresse',32,'6','MfG Massak GmbH','123456','123-678','y',2,3,4),(34,'JVA Bamberg','Hauptstrasse 30 98765 Testadresse',33,'7','MfG Massak GmbH','123456','123-678','n',2,3,4),(35,'JVA Bamberg','Hauptstrasse 30 98765 Testadresse',34,'8','MfG Massak GmbH','123456','123-678','n',2,3,4),(36,'JVA Bamberg','Hauptstrasse 30 98765 Testadresse',35,'9','MfG Massak GmbH','123456','123-678','n',2,3,4),(37,'JVA Bamberg','Hauptstrasse 30 98765 Testadresse',36,'10','MfG Massak GmbH','123456','123-678','n',2,3,4),(38,'JVA Bamberg','Hauptstrasse 30 98765 Testadresse',37,'11','MfG Massak GmbH','123456123','123-678','n',2,3,4),(39,'JVA Bamberg','Hauptstrasse 30 98765 Testadresse',38,'12','MfG Massak GmbH','123456','123-678','n',2,3,4),(40,'JVA Bamberg','Hauptstrasse 30 98765 Testadresse',39,'13','MfG Massak GmbH','123456','123-678','n',2,3,4),(41,'JVA Bamberg','Hauptstrasse 30 98765 Testadresse',40,'14','MfG Massak GmbH','123456','123-678','n',2,3,4),(42,'JVA Bamberg','Hauptstrasse 30 98765 Testadresse',41,'15','MfG Massak GmbH','123456','123-678','n',2,3,4),(43,'JVA Bamberg','Hauptstrasse 30 98765 Testadresse',42,'16','MfG Massak GmbH','123456','123-678','n',2,3,4),(44,'JVA Bamberg','Hauptstrasse 30 98765 Testadresse',43,'17','MfG Massak GmbH','123456','123-678','n',2,3,4),(45,'JVA Bamberg','Hauptstrasse 30 98765 Testadresse',44,'18','MfG Massak GmbH','123456','123-678','n',2,3,4),(46,'JVA Bamberg','Hauptstrasse 30 98765 Testadresse',45,'19','MfG Massak GmbH','123456','123-678','n',2,3,4),(47,'JVA Bamberg','Hauptstrasse 30 98765 Testadresse',46,'20','MfG Massak GmbH','123456','123-678','n',2,3,4),(48,'JVA Bamberg','Hauptstrasse 30 98765 Testadresse',47,'21','MfG Massak GmbH','123456','123-678','n',2,3,4),(49,'JVA Bamberg','Hauptstrasse 30 98765 Testadresse',48,'22','MfG Massak GmbH','123456','123-678','n',2,3,4),(50,'JVA Bamberg','Hauptstrasse 30 98765 Testadresse',49,'23','MfG Massak GmbH','123456','123-678','y',2,3,4),(52,'JVA Bamberg','Hauptstrasse 30 98765 Testadresse',50,'24','MfG Massak GmbH','123456','123-678','n',2,3,4),(53,'JVA El Palmar','98765 Conil',52,'Casa Alquitara','Saludo cordial','123987','123-678','n',2,3,4),(54,'TEST','deactivated',59,'123','Viele Gruesse Massak','','123-678','y',2,3,4),(55,'Hersbruck','Hauptstrasse 30 98765 Testadresse',60,'','Viele Gruesse Massak','','123-678','y',2,3,4),(56,'Herford','Hauptstrasse 30 98765 Testadresse',61,'','Viele Gruesse Massak','','123-678','n',2,3,4),(57,'JVA Hauptsi','Haupt 30 96052 Bamberg',62,'Extra','Viele Gruesse Massak','','123-678','y',2,3,4),(58,'Wittekindshof','Wittek 1\n96123 Wittek',63,'1','Viele Gruesse Massak','','123-678','n',64,65,66);
/*!40000 ALTER TABLE `jvadata` ENABLE KEYS */;
UNLOCK TABLES;

--
-- Table structure for table `lastusedcounter`
--

DROP TABLE IF EXISTS `lastusedcounter`;
/*!40101 SET @saved_cs_client     = @@character_set_client */;
/*!40101 SET character_set_client = utf8 */;
CREATE TABLE `lastusedcounter` (
  `lastUsedCounterId` int(11) NOT NULL AUTO_INCREMENT,
  `lastUsedCounterStatus` int(11) NOT NULL,
  `lastUsedCounterName` varchar(45) NOT NULL,
  PRIMARY KEY (`lastUsedCounterId`)
) ENGINE=InnoDB AUTO_INCREMENT=5 DEFAULT CHARSET=utf8;
/*!40101 SET character_set_client = @saved_cs_client */;

--
-- Dumping data for table `lastusedcounter`
--

LOCK TABLES `lastusedcounter` WRITE;
/*!40000 ALTER TABLE `lastusedcounter` DISABLE KEYS */;
INSERT INTO `lastusedcounter` VALUES (1,116,'IK'),(2,38,'Logistik Memmelsdorf'),(3,8,'Logistik Loehne'),(4,1,'Wittekindshof');
/*!40000 ALTER TABLE `lastusedcounter` ENABLE KEYS */;
UNLOCK TABLES;

--
-- Table structure for table `rtinittest`
--

DROP TABLE IF EXISTS `rtinittest`;
/*!40101 SET @saved_cs_client     = @@character_set_client */;
/*!40101 SET character_set_client = utf8 */;
CREATE TABLE `rtinittest` (
  `id` int(11) NOT NULL AUTO_INCREMENT,
  PRIMARY KEY (`id`)
) ENGINE=InnoDB DEFAULT CHARSET=utf8 COMMENT='init test';
/*!40101 SET character_set_client = @saved_cs_client */;

--
-- Dumping data for table `rtinittest`
--

LOCK TABLES `rtinittest` WRITE;
/*!40000 ALTER TABLE `rtinittest` DISABLE KEYS */;
/*!40000 ALTER TABLE `rtinittest` ENABLE KEYS */;
UNLOCK TABLES;

--
-- Table structure for table `yearcounter`
--

DROP TABLE IF EXISTS `yearcounter`;
/*!40101 SET @saved_cs_client     = @@character_set_client */;
/*!40101 SET character_set_client = utf8 */;
CREATE TABLE `yearcounter` (
  `yearCounterId` int(11) NOT NULL AUTO_INCREMENT,
  `yearCounter` varchar(45) NOT NULL,
  PRIMARY KEY (`yearCounterId`)
) ENGINE=InnoDB AUTO_INCREMENT=3 DEFAULT CHARSET=latin1;
/*!40101 SET character_set_client = @saved_cs_client */;

--
-- Dumping data for table `yearcounter`
--

LOCK TABLES `yearcounter` WRITE;
/*!40000 ALTER TABLE `yearcounter` DISABLE KEYS */;
INSERT INTO `yearcounter` VALUES (1,'2015'),(2,'xxx');
/*!40000 ALTER TABLE `yearcounter` ENABLE KEYS */;
UNLOCK TABLES;
/*!40103 SET TIME_ZONE=@OLD_TIME_ZONE */;

/*!40101 SET SQL_MODE=@OLD_SQL_MODE */;
/*!40014 SET FOREIGN_KEY_CHECKS=@OLD_FOREIGN_KEY_CHECKS */;
/*!40014 SET UNIQUE_CHECKS=@OLD_UNIQUE_CHECKS */;
/*!40101 SET CHARACTER_SET_CLIENT=@OLD_CHARACTER_SET_CLIENT */;
/*!40101 SET CHARACTER_SET_RESULTS=@OLD_CHARACTER_SET_RESULTS */;
/*!40101 SET COLLATION_CONNECTION=@OLD_COLLATION_CONNECTION */;
/*!40111 SET SQL_NOTES=@OLD_SQL_NOTES */;

-- Dump completed on 2016-01-14 16:22:00
